#{"t_start": 1614621275.0268795, "env_id": "HopperBulletEnv-v0"}
r,l,t
32.16672,52,0.804966
26.479762,17,0.940189
22.115988,14,1.048921
17.134314,10,1.12453
21.799546,10,1.201641
22.33357,11,1.294229
73.18075,73,1.87139
28.421547,18,2.00834
21.380711,12,2.103916
49.798748,50,2.492842
56.968856,51,2.891853
25.611363,16,3.014694
34.510947,21,3.186358
92.947248,89,3.877051
103.192563,83,4.532324
25.225912,14,4.639946
88.340179,88,5.327285
93.785081,157,6.552473
67.859669,68,7.089785
221.921926,195,8.616062
147.05186,93,9.34539
100.443312,75,9.932325
118.647373,93,10.654156
337.067136,390,13.704909
393.159303,424,16.987276
143.087128,112,17.85541
299.617533,209,19.475352
219.046414,178,28.09612
99.295029,116,28.993913
20.570477,8,29.058172
239.929219,216,30.739158
284.898874,187,32.179053
122.446313,76,32.770314
203.677467,128,33.74421
106.602578,74,34.313122
151.648102,93,35.030065
463.81546,314,37.423182
153.651935,105,38.226652
621.63432,381,41.14962
104.889509,123,42.09105
237.008201,274,44.199017
598.223511,697,63.510221
853.18192,1000,71.300393
878.103437,1000,79.140895
763.682495,897,100.110526
858.025853,1000,107.927236
840.773191,1000,129.585413
849.278758,1000,137.437514
435.307093,495,141.330086
15.833786,10,141.413923
852.267739,1000,163.216476
85.546025,93,163.943662
695.289133,835,170.512582
857.779922,1000,178.353236
849.118192,1000,199.946552
866.70938,1000,207.798193
880.214829,1000,229.505754
206.974897,255,231.486568
740.131563,798,237.70892
43.461546,40,238.022966
738.182661,853,244.631576
102.08892,73,245.194774
1067.705956,1000,266.701972
542.030307,483,270.426872
537.405824,521,274.444971
228.998007,248,276.378952
1102.855122,1000,297.254613
377.441356,356,299.996318
557.532892,560,304.32509
1001.338262,1000,312.052154
1082.582464,1000,333.412649
851.654825,817,339.693371
896.506828,822,354.120631
803.354557,718,359.691437
223.20115,185,361.123258
141.120925,113,361.994621
135.131234,114,362.872218
172.553928,147,363.998803
158.775182,141,365.101157
196.103997,150,366.255855
292.59388,239,368.093973
94.387752,83,368.721891
492.430861,431,372.040251
463.243475,501,388.229384
934.119661,1000,396.009069
987.419759,987,403.533756
401.535682,434,410.566981
14.368581,11,410.655484
11.038957,11,410.735277
15.967909,12,410.822639
17.013296,18,410.973182
16.26451,12,411.059783
778.462514,798,417.168553
16.596826,14,417.277478
15.372579,15,417.390007
886.637351,921,424.454698
496.818075,555,436.943605
18.290035,11,437.025236
1038.014365,1000,444.722495
368.635706,414,447.935446
769.470689,857,454.578962
22.392507,19,454.733191
20.771621,21,468.580176
597.18658,637,473.460992
17.713158,13,473.566045
24.524003,31,473.795349
13.356586,10,473.882758
17.577425,21,474.042825
926.010377,1000,481.791456
458.472333,500,485.6621
12.389625,16,485.782838
21.024027,39,486.088671
191.890275,177,487.448785
239.123056,221,502.610951
30.349594,36,502.896209
20.537778,23,503.070305
13.450625,12,503.158839
114.805396,107,503.991436
271.130975,239,505.827733
21.62446,31,506.062128
18.670172,16,506.185033
19.249357,22,506.362639
905.374886,1000,514.016128
871.179427,1000,535.329469
24.350754,31,535.572631
496.571306,521,539.608327
17.101222,34,539.868394
22.289847,41,540.196617
-0.890484,57,540.636179
3.076815,29,540.854293
17.812155,19,541.008417
13.859548,23,541.183995
376.121633,392,544.234219
889.489449,1000,551.980078
24.514029,33,552.226402
10.940882,48,552.597373
19.949009,20,552.746414
778.759103,1000,571.701721
783.353888,1000,579.495334
822.446917,1000,599.950468
408.045,508,603.930118
279.674291,346,606.615455
138.932579,174,607.96261
53.581639,66,608.472879
196.620248,243,610.354002
111.595624,148,611.508297
131.111742,151,612.689458
841.735194,1000,629.059572
883.293997,1000,636.885573
877.631991,1000,658.469615
892.73353,1000,666.258568
907.014043,1000,674.062422
311.163163,336,676.670608
939.965866,1000,697.941618
931.651344,1000,705.696392
892.226117,1000,727.1623
101.656501,93,727.86962
444.806834,474,731.562744
951.580643,1000,739.258823
910.41074,1000,760.508041
171.723998,163,761.768778
38.847075,34,762.032771
45.475423,36,762.308591
117.087796,104,763.11234
527.223936,558,767.452128
200.401838,154,768.663915
87.149871,73,769.228408
184.574573,168,770.534829
116.568706,107,771.364094
56.265815,49,771.741704
383.380866,383,774.718282
108.143555,92,775.451337
200.353517,224,778.575261
120.793359,108,779.406837
868.168808,1000,787.137082
1014.927717,1000,794.760158
1062.008838,1000,815.95074
109.253099,90,816.648943
918.040509,1000,824.373797
890.214934,1000,837.455008
875.678796,1000,845.17353
464.827619,543,849.359164
30.111931,35,849.636607
876.237568,1000,871.267909
938.40122,1000,878.971174
190.582624,217,880.640546
172.184427,168,881.936537
63.881173,63,882.424193
139.631164,121,883.351789
274.419129,269,885.40863
960.834375,1000,906.626121
884.636028,1000,914.350091
863.285263,1000,936.003426
861.658704,1000,943.794986
133.340063,138,944.86405
22.330259,44,945.2078
304.216727,359,947.97103
138.07037,136,949.024576
344.098273,407,952.178198
198.441683,179,953.567576
96.134001,89,958.919908
22.371637,46,959.275782
157.330737,142,960.388064
214.876408,215,962.064515
879.944752,1000,969.905191
112.809764,115,970.815046
889.384188,1000,991.461481
177.302444,177,992.838988
835.526395,1000,1000.693786
883.396184,1000,1008.554028
880.679008,1000,1030.257328
856.675628,1000,1038.098418
880.840405,1000,1059.682377
908.480199,1000,1067.420273
944.090373,1000,1075.097336
1016.72957,1000,1096.304019
315.409569,303,1098.628677
975.462793,1000,1106.329596
153.452088,129,1107.339516
228.111874,216,1109.004924
57.534637,47,1109.362444
553.13576,511,1126.927387
483.770473,392,1129.926459
493.960485,402,1132.995288
118.937624,87,1133.659027
438.343471,321,1136.134787
1179.334805,1000,1157.387279
214.939848,186,1158.818678
1167.108365,1000,1166.467296
885.994825,799,1172.582364
65.99921,53,1172.993789
349.633918,299,1175.292978
1259.698844,1000,1196.474109
181.460524,154,1197.668612
1044.171601,852,1204.191452
244.071029,183,1205.605343
414.005049,317,1208.031242
645.388234,480,1225.224576
394.516656,295,1227.496179
766.008855,570,1231.847276
601.519062,437,1235.177434
1374.228271,1000,1256.315484
184.165921,133,1257.336357
773.758556,583,1261.831603
114.41964,94,1262.551914
272.60753,196,1264.071344
380.533589,289,1266.311189
88.531352,70,1266.854509
77.520673,120,1267.78145
88.395731,141,1268.870526
736.05445,541,1273.042924
65.261996,49,1273.426128
567.453578,423,1288.888194
900.623216,810,1295.131279
602.206177,492,1298.934299
921.173862,732,1304.601995
333.120003,257,1320.352006
176.36393,138,1321.413693
102.418419,89,1322.106188
1319.749887,948,1329.386952
224.896205,165,1330.659281
95.586237,75,1331.238593
210.565162,156,1332.433482
129.665459,104,1333.238175
275.38086,198,1334.760506
297.561857,204,1336.334271
290.359988,200,1337.865999
209.758287,153,1352.667167
466.391378,334,1355.235141
817.278649,563,1359.569729
1383.109572,914,1366.629293
1546.890727,1000,1387.790486
372.812232,250,1389.687456
260.331318,180,1391.069001
717.769063,542,1395.201999
125.36251,109,1396.04555
869.063004,565,1400.3701
629.313667,375,1403.235885
916.029726,630,1421.4529
1555.489672,1000,1429.112937
277.105365,187,1430.554092
123.186517,100,1431.323583
1387.788321,907,1451.821023
51.966884,92,1452.53231
1493.894279,1000,1460.185532
721.782226,469,1463.846472
856.556258,546,1468.08589
240.682827,159,1481.581377
215.836303,144,1482.717231
646.766219,419,1485.956918
605.915174,372,1488.808548
1489.15653,934,1496.058366
1513.733487,947,1516.990478
165.942339,141,1518.0796
383.904548,228,1519.843794
1399.002283,798,1526.006665
521.363831,307,1528.372602
1137.7248,637,1533.288278
1756.399113,1000,1554.662737
854.283979,460,1558.208433
1164.977066,635,1563.080334
546.696235,324,1565.584492
1563.680036,875,1585.91248
49.40634,52,1586.318185
1052.06355,565,1590.674471
1621.749743,841,1597.184656
531.687228,278,1612.874753
1406.057918,814,1619.1718
502.436209,283,1621.358884
1058.868562,593,1625.948771
310.034295,197,1627.466649
363.898104,240,1629.318486
407.106224,267,1631.39496
79.369508,58,1631.843807
165.674752,138,1646.497953
1130.690094,706,1651.966803
417.286704,241,1653.83456
1235.379725,788,1659.929294
1598.683242,1000,1681.16752
1395.925383,899,1688.122674
329.07019,197,1689.651077
197.403213,125,1690.623787
491.597064,294,1692.892683
534.26712,321,1695.363836
856.785557,518,1708.987326
799.474104,432,1712.321747
604.526473,349,1715.021493
791.260852,482,1718.746957
468.187355,254,1720.705446
1391.146901,809,1739.789807
454.402503,267,1741.848003
521.067602,301,1744.155658
636.750332,397,1747.224361
1280.414436,735,1752.882639
276.403704,174,1754.224633
284.875221,165,1755.504344
799.981019,443,1769.834137
216.649611,133,1770.861243
211.265569,132,1771.870727
1462.727863,769,1777.774825
89.473861,61,1778.251281
1309.518543,821,1784.561063
957.257343,634,1802.934391
756.622642,427,1806.218683
876.603934,519,1810.192912
1545.928137,1000,1817.898443
1453.206751,954,1838.756642
1622.107406,904,1845.708519
755.619738,410,1848.868415
1076.659389,598,1853.435104
1101.633173,601,1871.565974
509.516294,275,1873.686388
1567.133315,818,1879.963745
1661.635196,1000,1901.159522
249.097749,155,1902.354233
742.343969,410,1905.482224
245.121823,153,1906.658714
1317.74539,692,1911.960654
1549.628386,874,1918.677273
340.438457,206,1933.815821
1189.545012,599,1938.429389
533.899946,293,1940.68408
1871.541549,1000,1948.376618
886.704406,480,1952.066438
1393.159643,776,1971.623369
1928.763139,1000,1979.322453
1631.052494,840,1998.160808
2001.731455,1000,2005.864549
1914.748743,1000,2013.585721
286.647116,158,2014.812216
246.118047,139,2015.890322
1919.478798,1000,2037.164268
557.88404,302,2039.486631
1877.521191,1000,2047.168709
1939.392342,1000,2068.439636
370.084321,208,2070.042707
1970.401233,1000,2077.724267
633.023377,355,2080.452961
574.30779,317,2090.364838
297.375568,164,2091.619665
305.32366,186,2093.053463
73.067044,46,2093.402852
102.33028,68,2093.935205
385.104156,210,2095.553712
119.453246,69,2096.093123
126.367219,79,2096.709279
236.139164,137,2097.769043
100.337346,64,2098.266922
61.539903,44,2098.607714
209.521947,137,2099.673879
113.879172,69,2100.21387
217.321271,173,2101.567354
421.077211,239,2103.409093
163.612574,120,2104.340231
117.207184,76,2104.941323
224.562653,142,2106.051453
97.624707,71,2106.612084
95.882392,63,2107.095537
174.095192,130,2108.110642
210.224922,129,2109.108039
383.103894,258,2116.043375
238.95709,187,2117.490694
64.809159,46,2117.850072
187.48094,127,2118.839433
200.905088,147,2119.971394
169.599461,119,2120.898594
1609.881414,942,2128.185297
793.989708,476,2131.871061
523.046997,310,2147.802215
627.606811,351,2150.500138
1828.448395,1000,2158.212964
1917.107982,1000,2165.932668
1602.228491,866,2182.935231
822.246563,524,2186.9882
116.761106,73,2187.547759
143.867664,106,2188.363392
229.920976,157,2189.576266
227.120082,137,2190.638207
351.53384,231,2192.424251
1113.18215,640,2210.885276
371.893089,215,2212.552008
454.604294,252,2214.492277
1646.931447,1000,2222.233226
1067.279556,571,2226.647202
1873.405297,987,2247.770987
1094.448837,610,2252.464816
1537.902167,846,2258.967892
1635.240735,892,2279.309655
1849.482231,1000,2286.990059
1515.987029,810,2293.202919
638.973652,353,2308.299924
245.025559,148,2309.436883
1897.588113,1000,2317.126984
1103.63482,601,2321.753806
636.074058,366,2324.55727
1853.504596,1000,2345.544169
725.171738,402,2348.630286
1010.886838,542,2352.779765
885.615091,485,2356.502708
515.234814,312,2369.041633
1868.716812,1000,2376.717452
1580.21918,850,2383.214096
1727.201988,943,2403.928144
972.687077,536,2408.051789
55.529825,39,2408.352246
53.357194,37,2408.640377
66.378591,43,2408.969643
67.411008,47,2409.335862
201.879681,121,2410.273645
543.045177,301,2412.630991
250.429334,150,2413.789176
264.271377,154,2414.99306
189.997929,120,2415.926449
309.23773,192,2417.41307
1815.744184,1000,2438.606962
329.91439,190,2440.065351
361.638063,204,2441.639447
1903.072776,1000,2449.322093
1920.524093,1000,2470.572989
872.808724,430,2473.881892
595.556696,308,2476.247165
1907.696166,1000,2483.899846
719.833928,387,2500.402524
1917.967207,1000,2508.109507
1960.479837,1000,2515.785234
1887.858018,999,2536.967094
556.054265,285,2539.144469
1111.585398,564,2543.444655
608.525758,300,2545.75249
1757.314299,854,2559.851654
2058.412396,1000,2567.511806
820.211549,406,2570.60932
707.212423,350,2573.288012
300.395452,164,2574.550021
325.049003,167,2575.832059
782.904312,369,2592.261518
1639.011021,799,2598.409957
1830.055499,865,2605.079235
617.201338,319,2607.575727
802.321343,403,2610.696487
278.23376,160,2615.969198
739.981906,372,2618.871316
382.367398,204,2620.457536
29.275734,32,2620.706833
629.165903,350,2623.415441
549.761463,291,2625.648709
2062.69632,1000,2633.313389
2041.547238,1000,2653.911198
2085.704813,1000,2661.57931
296.982743,170,2662.882195
352.460618,197,2664.402308
399.996374,220,2666.089514
827.77968,435,2683.011798
2068.163417,1000,2690.665757
1974.587275,1000,2698.325316
1609.895688,822,2718.186982
1358.613729,693,2723.496324
302.52536,190,2724.967963
858.001753,436,2728.332247
1431.252991,735,2744.34585
228.448125,134,2745.383429
796.276248,430,2748.692022
596.30808,366,2751.559869
400.950101,259,2753.573708
224.162111,154,2754.769034
375.995216,205,2756.359239
811.182344,459,2759.892141
109.070597,86,2760.559604
102.90987,66,2761.062233
693.123901,358,2777.336159
793.415832,421,2780.575535
1111.385572,548,2784.783089
727.435047,352,2787.502718
125.944012,72,2788.057625
763.053711,368,2790.897759
358.876736,211,2792.523224
1348.338599,620,2809.340313
181.229089,111,2810.195302
1556.448374,733,2815.817635
1981.3019,954,2823.156107
2071.381695,1000,2844.402159
423.628212,236,2846.223101
924.685555,448,2849.673266
2168.120844,1000,2857.368551
1498.21276,717,2875.867835
2134.804602,1000,2883.537432
1564.619553,726,2889.117779
2224.100967,1000,2910.151844
2046.752172,925,2917.237671
2199.874347,1000,2936.505267
2224.795699,1000,2944.198804
2104.2783,1000,2951.848491
2187.197542,1000,2972.93434
1819.760347,850,2979.4125
1316.407791,618,2984.140218
943.190317,450,3001.142144
727.037277,349,3003.836856
1544.161452,731,3009.42107
114.726418,90,3010.115338
1158.406622,581,3014.554504
158.635246,93,3015.25628
112.691913,78,3015.85954
447.428923,233,3017.641565
198.996763,112,3018.496367
519.968353,252,3033.953684
2143.275471,1000,3041.608235
182.894034,103,3042.410017
2140.887882,1000,3050.036123
1443.919728,692,3068.889585
2091.99549,1000,3076.537611
2118.109109,1000,3084.206281
2154.56922,1000,3105.376452
806.91106,395,3108.408969
399.294555,204,3109.981148
131.909729,79,3110.590849
643.899681,320,3113.057486
426.640574,216,3114.712962
134.980706,79,3115.32552
2069.109186,1000,3136.564609
2022.758956,1000,3144.244591
2001.674003,1000,3165.376793
785.27814,390,3168.368914
446.207737,247,3170.252002
2056.580576,1000,3177.913078
2175.163809,1000,3199.073002
711.487372,351,3201.750463
2234.819957,1000,3209.387514
1366.617412,635,3214.255204
153.099042,83,3214.895389
227.698682,119,3229.068113
2090.200133,1000,3236.727625
2135.969748,1000,3244.36157
735.181809,362,3247.119782
1763.418877,886,3267.391735
869.005214,459,3270.908502
466.469866,234,3272.712787
2124.906557,1000,3280.371739
2184.358129,1000,3301.569179
1540.974256,795,3307.673893
128.988477,93,3308.385146
428.42529,229,3310.14087
541.970079,265,3312.18031
710.137098,334,3328.097519
288.253666,154,3329.275591
319.571728,169,3330.570142
2088.433388,1000,3338.234893
459.172605,240,3340.065671
1967.778642,1000,3361.197333
2029.633675,1000,3368.834927
420.824945,214,3370.474535
1027.520708,490,3374.240914
81.346364,51,3374.640049
92.089444,59,3375.092297
1762.003386,863,3395.172454
106.641735,64,3395.662936
2056.120373,1000,3403.301549
664.592174,343,3405.923414
434.709077,220,3407.60757
2117.991394,1000,3428.709433
634.465031,338,3431.305921
668.689069,334,3433.860734
95.450893,64,3434.349864
1327.425484,693,3439.649644
257.796136,140,3440.735876
814.656238,408,3457.401856
459.050068,228,3459.142478
892.861884,427,3462.415273
2097.955977,1000,3470.063469
1867.239907,1000,3490.326459
344.790497,179,3491.699332
130.955445,73,3492.263127
534.486435,272,3494.359222
493.831603,248,3496.272892
131.332218,76,3496.859549
246.833723,130,3497.873672
117.121079,65,3498.374694
245.609856,127,3499.360329
235.693718,128,3500.359151
185.836557,108,3501.195659
136.299004,78,3501.807213
289.818028,153,3503.007582
684.419561,362,3505.804878
505.558285,249,3507.738656
125.871459,75,3509.54271
152.14129,91,3510.245315
224.350314,128,3511.236171
199.967177,110,3512.098029
1321.041659,657,3517.162329
775.957385,400,3520.230999
1924.046306,1000,3527.940477
1374.701387,765,3547.41395
724.119758,403,3550.511059
268.010328,148,3551.651441
257.254954,143,3552.759901
174.303067,100,3553.530422
254.355269,146,3554.656354
696.423651,354,3557.383708
273.983996,148,3558.531317
1394.718681,698,3577.493743
332.484966,173,3578.820495
2061.063071,1000,3586.467638
1919.16563,1000,3594.110103
94.256125,66,3600.565436
773.459036,391,3603.565642
46.823339,33,3603.823239
2066.142695,1000,3611.484904
1979.256344,1000,3619.171113
48.90081,39,3620.120535
32.05016,20,3620.271905
43.841779,36,3620.560415
42.990874,39,3620.861642
43.146209,40,3621.176838
62.847674,42,3621.506763
40.781169,40,3621.812347
526.405704,267,3623.887539
610.25618,313,3626.308641
398.976306,224,3628.037483
834.244536,492,3631.81668
546.2946,353,3634.52807
401.671412,231,3636.308485
820.566966,506,3653.827824
64.541222,46,3654.188851
404.135434,228,3655.954128
645.626847,380,3658.889952
116.044877,73,3659.455923
171.401245,98,3660.210351
129.21965,73,3660.789208
107.161127,60,3661.254066
130.7732,76,3661.844816
569.374591,361,3664.652066
442.46246,272,3666.756315
1223.191178,659,3671.843152
439.54605,246,3681.819597
1937.684114,1000,3689.516392
227.342887,125,3690.471398
715.761333,390,3693.461302
452.728456,246,3695.361459
891.371763,478,3699.051089
253.813833,143,3712.640576
196.548949,108,3713.466011
145.78674,83,3714.105695
1182.311053,609,3718.80725
219.011492,117,3719.702062
281.764912,150,3720.866462
74.722655,46,3721.227013
65.440533,42,3721.553571
225.99334,128,3722.543871
1174.577569,563,3726.871454
2095.092064,1000,3748.084781
1948.296184,1000,3755.733217
1979.625004,1000,3763.42005
740.154099,401,3780.122003
530.190016,290,3782.362787
354.021348,195,3783.859498
178.080474,104,3784.652499
384.514806,208,3786.243862
126.376862,75,3786.81381
448.207406,237,3788.641218
813.936063,421,3791.894659
1963.349324,1000,3813.23937
380.961091,204,3814.810589
761.962652,396,3817.874197
727.671106,378,3820.778654
116.450899,68,3821.296649
745.093368,396,3824.344708
181.122185,102,3825.132618
592.775665,328,3827.650754
525.845957,307,3843.591545
803.982164,398,3846.638001
438.680837,228,3848.398386
195.886908,110,3849.248873
1696.033805,854,3855.830324
725.078324,358,3858.585327
235.094034,130,3859.578453
496.661557,254,3861.540745
759.046397,389,3878.002697
726.813494,360,3880.757835
457.039063,237,3882.579838
327.444668,172,3883.893243
267.643501,147,3885.018117
719.706222,369,3887.867491
574.520229,308,3890.240932
352.04963,197,3891.757592
96.136063,58,3892.203025
184.504267,103,3893.003473
324.857153,176,3894.36184
529.847961,297,3910.227138
1761.003383,876,3916.943201
457.256671,233,3918.753848
670.313421,333,3921.293132
1208.419427,595,3925.84961
595.594103,301,3941.700284
1245.974269,601,3946.31851
1885.771534,890,3953.142992
1688.174276,783,3959.150816
2121.833355,979,3980.168578
2201.878707,1000,3987.825876
2058.099521,937,4008.373648
2241.217203,1000,4015.981294
2176.238001,1000,4023.602483
1901.196963,887,4043.929358
757.99936,373,4046.786347
1351.176688,673,4051.961297
1269.50503,610,4056.635409
2137.220587,1000,4077.86699
1495.19635,784,4083.902492
609.677564,341,4086.540433
184.00473,104,4087.34644
834.52102,425,4090.609293
121.780168,74,4091.178382
237.565067,153,4095.971301
247.042531,136,4097.029443
290.291561,157,4098.251932
789.639009,387,4101.232522
390.701328,203,4102.806837
644.36382,368,4105.637697
923.825295,509,4109.564482
178.203913,102,4110.344554
95.450191,56,4110.779033
1756.390523,1000,4123.410761
802.748455,443,4126.824507
127.850853,74,4127.401301
179.382322,114,4128.286579
282.526413,177,4129.6581
989.785888,604,4134.317801
105.796924,62,4134.804168
119.480214,69,4135.341418
128.936603,72,4135.893327
54.975363,34,4136.161899
57.43616,35,4136.423218
51.92087,36,4136.712028
330.494011,221,4138.434046
67.846475,41,4139.782299
234.548946,128,4140.766779
209.241244,149,4141.915241
204.511121,133,4142.951816
291.819077,199,4144.489651
646.537038,359,4147.267277
405.304669,234,4149.068174
192.245357,109,4149.917485
134.860465,79,4150.516176
55.935731,45,4150.870761
518.115886,291,4153.107775
637.01315,339,4155.71472
271.416062,162,4156.952044
494.628565,295,4172.816418
227.421764,132,4173.830686
115.059791,67,4174.351752
113.159774,69,4174.878467
127.521562,72,4175.431384
580.389929,369,4178.289284
121.451302,70,4178.822981
279.13039,171,4180.147998
682.823144,451,4183.637414
211.712752,118,4184.555094
626.88792,346,4187.213165
140.642703,83,4187.865304
123.976636,75,4188.45016
251.31065,144,4189.562324
203.923878,121,4190.49444
189.460188,110,4191.345412
123.583316,72,4194.870744
221.848453,129,4195.859549
70.091102,42,4196.185193
196.268852,110,4197.038813
437.692815,227,4198.780703
137.395368,80,4199.390085
858.584761,423,4202.633056
489.142609,243,4204.492107
869.117292,437,4207.856586
381.718865,214,4209.508728
286.466119,151,4210.668746
500.579444,261,4212.673949
624.292035,330,4227.72035
110.288861,66,4228.231874
96.933581,61,4228.701074
469.102577,249,4230.635313
1596.494856,779,4236.637417
543.800766,287,4238.854774
318.136667,174,4240.202497
88.913224,68,4240.724289
347.820427,220,4242.427528
482.72638,265,4244.495394
296.50167,176,4249.586796
624.440956,312,4251.993219
478.392584,284,4254.175446
195.767529,107,4255.006922
203.292632,109,4255.849839
256.924974,142,4256.949234
222.159667,128,4257.940344
363.484903,202,4259.487039
321.009892,192,4260.966548
370.181495,200,4262.498377
430.753439,229,4264.258963
1220.44159,630,4272.161632
193.384078,111,4273.013712
67.704999,42,4273.343551
1189.093606,669,4278.478908
179.202886,102,4279.267943
173.563908,103,4280.06519
215.298366,129,4281.055587
480.632551,265,4283.10218
696.057065,412,4286.290304
862.481484,462,4289.852324
319.988005,168,4291.149755
266.28297,143,4296.007808
418.404229,221,4297.699651
420.906749,226,4299.436291
1033.625601,531,4303.508836
196.330588,110,4304.348176
907.485994,466,4307.949146
500.445405,273,4310.036272
294.678224,168,4311.324568
1109.713167,601,4329.582466
165.482873,105,4330.391778
242.872351,141,4331.490358
2006.385,1000,4339.144988
509.495111,275,4341.257963
418.157285,217,4342.927801
1142.33004,603,4361.120747
870.566851,471,4364.758115
589.67775,324,4367.265492
247.311762,139,4368.335346
243.790977,134,4369.366488
362.616332,199,4370.900566
413.480471,248,4372.812429
297.500801,170,4374.12327
492.215114,286,4376.344537
179.082701,103,4377.143492
231.95546,126,4378.11623
357.139693,220,4379.823537
176.711011,103,4391.830415
544.960028,313,4394.244346
1940.161288,1000,4401.893764
227.684799,132,4402.911687
1951.801676,1000,4412.341475
404.480104,210,4413.988222
133.631187,78,4414.586705
1846.454408,1000,4422.304521
696.492159,378,4425.238118
192.657408,112,4426.107987
1089.953373,609,4430.805488
431.380503,231,4446.185864
128.08337,78,4446.785237
196.212686,111,4447.642353
194.157404,108,4448.479943
311.236329,180,4449.864741
378.943117,214,4451.516387
126.226914,71,4452.077667
132.891199,76,4452.658956
122.57509,71,4453.211063
133.046939,79,4453.833579
125.919119,73,4454.399951
126.284561,73,4454.964352
904.29904,615,4459.747155
132.707007,74,4460.326267
121.135625,70,4460.866586
182.378803,105,4461.678729
139.208816,78,4462.292717
192.206183,111,4463.159582
177.976633,112,4464.030459
540.945632,384,4471.968896
168.511939,106,4472.783544
1512.959474,1000,4480.526848
190.099232,112,4481.398222
260.563363,158,4482.620265
142.39104,81,4483.258302
392.215101,253,4485.207001
747.277105,437,4488.565776
273.508152,150,4500.794946
197.709532,111,4501.648635
325.597024,176,4503.012439
1936.665617,1000,4510.708236
463.342047,255,4512.678985
1875.317161,1000,4534.011864
749.472281,423,4537.262275
423.045997,247,4539.174292
769.617156,446,4542.592406
732.609697,423,4545.860121
340.526579,188,4547.306277
250.981529,138,4548.373232
747.47174,443,4551.786542
1155.747634,648,4567.659629
263.156428,141,4568.75279
193.443141,109,4569.600611
453.601038,245,4571.488015
389.383977,200,4573.038865
333.399772,177,4574.410807
673.927679,355,4577.156683
202.044208,110,4578.011393
323.943516,168,4579.304269
1862.370308,1000,4600.545356
187.605671,105,4601.361111
969.983015,637,4606.269835
148.156562,89,4606.953547
772.126893,498,4610.803277
241.805461,150,4611.961102
601.2706,329,4614.503377
126.957644,73,4616.333261
260.082295,147,4617.468544
1682.904258,1000,4625.221714
117.909098,73,4625.786736
988.634778,585,4630.291758
111.831911,73,4630.854188
230.558532,132,4631.87847
184.959843,102,4632.671028
252.913353,139,4633.747757
793.562087,448,4649.683502
200.297315,114,4650.563673
1856.974519,989,4658.223759
600.741133,321,4660.684467
1571.043234,831,4667.065045
639.688402,340,4683.286282
584.081987,314,4685.704
259.850093,141,4686.780974
138.633409,80,4687.399714
126.893649,73,4687.956706
170.952825,94,4688.68027
261.513445,142,4689.776935
230.360226,136,4690.816415
269.898873,175,4692.1667
126.554236,73,4692.731878
138.114947,78,4693.34246
374.250272,194,4694.829327
134.92307,77,4695.431254
249.570592,137,4696.486257
178.378616,98,4697.241062
356.020395,187,4698.682502
1190.407461,633,4717.098275
363.273415,185,4718.536558
125.467397,70,4719.078608
242.971948,134,4720.110556
310.655813,166,4721.391005
814.036667,462,4724.929914
1566.468056,831,4731.289711
291.347231,159,4732.51544
90.195189,54,4743.069159
574.576261,339,4745.678156
125.082948,72,4746.236058
818.955155,461,4749.792207
172.70856,98,4750.549667
669.180795,386,4753.539767
132.962198,77,4754.13676
374.006465,201,4755.680454
1794.906026,1000,4768.110688
373.741689,221,4769.819549
377.169745,238,4771.651785
569.048198,349,4774.336715
125.545028,71,4774.888522
378.674697,255,4776.854083
78.217404,47,4777.218193
190.427194,104,4778.021173
46.817652,32,4778.270859
664.643893,393,4781.29574
54.472424,36,4781.578736
104.993845,62,4782.056717
88.564163,56,4782.486926
125.386889,73,4783.049998
703.586079,439,4792.912941
102.832652,65,4793.414322
703.520752,442,4796.836315
726.509894,429,4800.141243
680.950734,393,4803.172285
659.218691,384,4806.143129
94.135022,57,4806.589744
228.779572,134,4807.614975
196.095657,110,4808.4745
740.630658,413,4811.668139
364.5644,205,4825.916479
189.496653,102,4826.713296
479.041938,287,4828.934939
524.939272,325,4831.448104
1696.821752,1000,4839.18066
882.017253,505,4843.069112
577.623245,340,4858.802104
292.723761,162,4860.04923
708.101854,415,4863.242458
469.211552,262,4865.260269
229.674485,135,4866.300242
732.962739,439,4869.672137
309.8247,193,4871.14819
880.714299,522,4875.158131
72.667544,43,4875.497382
1291.893197,734,4893.630901
569.765241,326,4896.177797
278.32713,162,4897.443466
125.105789,71,4898.013298
187.548719,115,4898.936162
200.072991,111,4899.784961
253.319039,146,4900.916176
132.639954,75,4901.554475
603.930414,337,4904.140196
1064.85281,596,4910.607115
200.036894,111,4911.452336
733.963022,400,4914.55736
581.431095,304,4916.852258
784.022768,439,4920.258455
423.126726,233,4922.116842
438.440666,240,4923.971033
695.89908,367,4926.793097
1833.717871,1000,4948.002794
1701.767942,1000,4955.702503
1638.707585,1000,4976.850075
786.58368,489,4980.593339
874.258418,490,4984.335497
464.326161,296,4986.601286
651.086508,378,4989.496024
253.523308,138,4990.552393
199.626197,119,4991.459973
185.257881,107,4992.283298
148.705957,91,4992.976953
763.847847,462,5007.430096
463.951958,283,5009.604384
199.968838,112,5010.465824
391.375636,253,5012.40113
272.940481,161,5013.63263
285.975597,163,5014.875646
281.069063,164,5016.132629
359.701861,214,5017.764285
523.365468,328,5020.27506
124.8456,76,5020.866437
111.389171,68,5021.381752
54.624841,31,5021.622102
122.633186,73,5022.181581
883.189051,547,5039.852364
129.374784,75,5040.423846
944.839537,529,5044.457302
323.163251,194,5045.939075
237.135955,132,5046.942454
454.305636,262,5048.941543
609.61441,343,5051.553799
1033.254143,574,5055.918107
194.179719,108,5056.746726
996.944561,536,5074.056323
209.1811,113,5074.914733
329.222084,179,5076.276477
1794.538727,970,5083.655825
1477.125139,870,5103.467227
535.595634,322,5105.915917
349.33613,205,5107.46975
1093.980459,658,5112.467752
755.353895,445,5115.846998
378.098518,202,5117.380278
382.805289,207,5118.963495
645.15796,366,5121.746638
316.049444,170,5132.214289
240.111009,137,5133.250266
979.3134,558,5137.474368
310.354993,188,5138.90806
802.183488,448,5142.292301
393.781419,217,5143.934948
519.837871,292,5146.144204
1557.131917,819,5164.98129
527.653501,318,5167.380529
577.799005,316,5169.788567
491.49841,268,5171.825986
1710.893027,1000,5179.420404
268.883319,178,5180.772373
738.546977,441,5195.540665
318.633854,173,5196.845514
169.008225,98,5197.59164
165.141792,99,5198.341957
386.342145,232,5200.109413
214.857691,118,5201.008874
267.967489,170,5202.294503
211.37568,122,5203.224118
182.542869,108,5204.049843
129.882317,76,5204.627242
762.811888,584,5209.07175
134.073041,77,5209.664139
336.001198,232,5211.423092
135.65836,79,5220.171699
228.277553,144,5221.265598
130.238665,75,5221.834158
246.703327,158,5223.046958
135.333863,79,5223.656269
383.719436,234,5225.430102
740.942623,438,5228.764026
950.192075,523,5232.748968
557.553131,307,5235.091111
848.928586,482,5238.761573
969.110741,533,5255.826767
374.80433,200,5257.340872
306.595407,168,5258.614021
765.205201,409,5261.708521
1027.024476,518,5265.659005
926.807399,494,5269.429994
925.465271,496,5284.378951
1201.22393,668,5289.449622
199.423036,106,5290.24823
325.970781,158,5291.445816
234.718584,131,5292.43185
693.396611,373,5295.260965
473.278696,253,5297.180131
142.191761,82,5297.80341
123.130824,70,5298.334671
192.28978,100,5299.102209
123.978825,74,5299.664382
685.70527,371,5307.895791
428.825051,227,5309.634263
893.212213,533,5313.685842
821.049149,433,5316.965758
543.913592,282,5319.110774
487.949242,270,5321.155045
147.084872,84,5321.798213
285.158353,155,5322.96989
1204.503744,730,5334.008523
489.249803,269,5336.051904
217.492307,111,5336.896105
464.094639,240,5338.722722
920.566397,472,5342.305465
232.639499,122,5343.229989
311.649902,174,5344.56069
255.264138,134,5345.57898
148.906977,80,5346.189678
384.03397,197,5347.675507
684.3896,403,5355.495773
388.424684,204,5357.051049
907.011844,450,5360.487192
1241.577847,638,5365.326048
139.479452,79,5365.929599
267.66232,140,5367.000698
578.887233,308,5369.332099
1794.389668,939,5384.464538
614.782887,330,5386.961817
260.162791,139,5388.010584
241.623749,130,5389.001507
652.757939,363,5391.745396
178.280129,97,5392.478427
259.154782,141,5393.551048
1833.659759,1000,5411.339157
341.364226,182,5412.705458
995.705205,540,5416.797442
230.868237,128,5417.770954
294.469873,153,5418.930969
248.045161,134,5419.950884
106.018703,60,5420.398439
190.03727,99,5421.15521
1369.752536,820,5427.367258
773.605978,476,5434.256029
690.239862,389,5437.189351
279.350228,159,5438.392996
228.586869,134,5439.412163
785.833393,493,5443.129878
183.825604,101,5443.903689
324.04222,171,5445.19333
193.839061,107,5446.01038
510.009864,289,5448.198448
576.124752,351,5450.864
397.986756,214,5456.13524
776.184756,439,5459.480786
191.270075,108,5460.304387
598.659502,337,5462.864817
516.137014,279,5465.000995
345.597264,182,5466.389772
617.742317,352,5469.089335
602.598786,361,5471.841151
485.074609,270,5473.899668
191.188475,95,5474.619013
172.729626,97,5481.036677
539.101761,296,5483.280339
1067.01425,603,5487.894034
120.625711,68,5488.412863
198.53999,112,5489.267804
337.349843,189,5490.706573
325.738029,185,5492.115702
383.970115,232,5493.89009
584.319175,322,5496.341075
470.228775,267,5498.378752
301.999923,174,5499.714025
231.004268,131,5509.013872
79.792103,49,5509.38553
139.482022,83,5510.013084
1513.805331,929,5517.088905
440.515859,262,5519.068752
923.585232,562,5523.324614
200.004247,111,5524.161128
371.999703,218,5525.813526
223.988571,132,5526.804781
219.490714,137,5533.675506
281.086083,149,5534.81337
1089.40811,704,5540.162245
143.129716,79,5540.76743
488.854919,274,5542.851269
393.168312,213,5544.48197
301.71413,180,5545.8509
132.77304,73,5546.408318
774.312933,418,5549.601792
155.651259,85,5550.246566
202.644561,111,5551.096062
134.543467,76,5551.679956
293.349044,165,5555.486751
823.61368,501,5559.310603
977.601463,577,5563.718403
1691.615979,1000,5571.318449
191.082359,103,5572.09497
132.01975,74,5572.656402
175.489163,101,5573.444973
289.398954,153,5577.694688
392.985884,228,5579.420531
409.561202,267,5581.449164
749.344648,431,5584.727267
435.236564,264,5586.727023
197.882097,110,5587.555115
1290.782217,857,5594.060045
644.916098,369,5600.776099
847.252629,536,5604.858686
421.279246,242,5606.705242
139.909223,86,5607.366928
226.681761,136,5608.402028
491.013771,280,5610.535274
670.799891,383,5613.43872
188.71915,99,5614.206781
869.645516,513,5618.091221
136.891838,77,5621.574931
580.03473,398,5624.576185
119.766022,71,5625.11652
443.53944,221,5626.784091
299.271176,188,5628.205915
191.923769,110,5629.042211
177.642834,106,5629.842696
83.901036,49,5630.21138
388.374451,219,5631.873376
412.289354,236,5633.653131
431.739013,223,5635.341697
1307.077592,903,5646.554509
297.027678,179,5647.911762
379.12967,204,5649.482742
636.46974,378,5652.343505
542.998521,310,5654.702313
912.539566,611,5659.33828
512.211269,328,5661.827134
212.525176,116,5662.711034
144.441661,78,5663.304503
102.280222,57,5668.19865
324.958713,175,5669.526026
82.330078,47,5669.877002
692.639232,395,5672.878126
648.156876,415,5676.021328
83.833866,51,5676.406745
592.356231,436,5679.720608
200.158256,112,5680.568954
837.198417,530,5684.60571
181.219466,98,5685.348083
126.64748,71,5685.891272
193.587477,105,5686.691963
173.102884,103,5692.312397
528.484121,368,5695.118528
1643.034081,968,5702.470296
122.299445,67,5702.978909
858.360767,549,5707.150573
222.489804,134,5708.178923
1547.361661,1000,5722.034356
965.526475,618,5726.734869
313.97246,213,5728.363912
366.385264,207,5729.938353
606.315524,398,5732.983903
779.539821,467,5740.082147
152.767162,88,5740.753607
193.162905,106,5741.560875
249.337378,160,5742.776275
615.641346,392,5745.764745
398.72155,230,5747.516353
349.953248,199,5749.043242
300.075921,224,5750.749846
645.860272,387,5753.697001
245.99927,147,5754.809993
174.154201,95,5755.534338
344.74238,185,5756.92805
205.791154,109,5757.759349
252.302097,140,5758.81518
255.085161,152,5764.408813
623.760254,408,5767.498638
276.894411,152,5768.651111
118.871727,66,5769.165483
195.014366,118,5770.057136
344.237965,217,5771.700838
528.2893,325,5774.176176
188.801847,105,5774.974726
855.586715,614,5779.652538
100.173639,57,5780.087471
170.04397,101,5780.859864
1298.661315,863,5791.391804
100.14032,58,5791.834439
291.579527,165,5793.085556
300.230327,184,5794.500265
272.958905,144,5795.598527
911.287879,622,5800.348208
168.128324,101,5801.123896
583.905903,400,5804.170444
236.996206,139,5805.234589
99.228333,56,5811.627008
953.859303,620,5816.351863
785.176573,526,5820.355864
675.652457,456,5823.841971
938.910179,601,5828.438
227.08314,134,5829.467584
816.504495,522,5837.171556
60.441032,37,5837.448858
684.254656,489,5841.173265
176.521487,99,5841.92969
116.816742,68,5842.446622
752.585706,502,5846.270988
297.364089,255,5848.213357
250.641207,137,5849.257605
1227.060525,819,5862.603154
195.530605,109,5863.434995
119.336819,70,5863.967878
516.414553,359,5866.692825
242.48613,152,5867.846355
236.594955,139,5868.896926
125.16951,70,5869.483286
410.696601,269,5871.522597
123.188321,66,5872.034161
226.609252,129,5873.010761
801.398967,556,5877.245134
482.893266,344,5886.584686
729.55448,548,5890.78355
1160.490031,775,5896.686908
504.609789,374,5899.538268
566.539618,433,5902.824931
703.468029,433,5913.776357
238.87558,146,5914.886236
144.549364,78,5915.48061
168.171394,102,5916.252587
451.650165,301,5918.540017
608.690006,496,5922.306824
202.515092,133,5923.319841
611.312498,394,5926.336388
291.308646,183,5927.726084
172.001976,97,5928.464967
782.649724,570,5940.614216
464.48031,318,5943.039951
751.515517,504,5946.882375
648.799565,472,5950.47529
110.971049,62,5950.952871
302.536374,171,5952.247199
1260.845034,1000,5966.835904
290.093265,166,5968.099642
320.451289,185,5969.515379
436.356499,298,5971.787158
471.399472,349,5974.465979
283.294455,155,5975.641143
235.608278,139,5976.696538
1221.613796,874,5983.354388
