#{"t_start": 1635497702.7246068, "env_id": "Walker2d-v3"}
r,l,t
-0.136914,23,12.099597
-5.566363,19,12.110346
2.19348,19,12.120911
1.28643,29,12.136378
-8.625656,15,12.144523
4.599455,32,12.16131
0.69642,13,12.16828
-1.593231,12,12.174576
1.8756,20,12.184889
-3.398172,21,12.19564
1.586426,15,12.203642
-1.484095,14,12.2106
-1.675547,10,12.215779
-8.83757,23,12.227069
-0.064606,18,12.236153
0.73045,26,12.248919
-2.341462,19,12.258217
-0.283553,13,12.264768
3.134007,15,12.272261
-0.63089,34,12.288631
8.996574,31,12.303856
4.197105,27,12.317116
-0.719988,54,12.343701
3.274733,17,12.352131
3.504897,16,12.359833
22.730015,32,12.375377
0.967599,14,12.382287
1.270146,23,12.3934
2.602637,14,12.40049
1.435647,15,12.407953
4.734591,18,12.41714
0.011236,9,12.421638
3.478014,20,12.431794
2.394337,21,12.442315
-2.621059,12,12.448266
3.061874,15,12.455604
-0.992616,24,12.467242
7.34657,24,12.479172
7.329936,28,12.492839
-5.22492,21,12.503086
7.590011,41,12.522838
-7.041701,18,12.531746
-1.777451,12,12.537682
6.389128,17,12.546168
3.862381,16,12.554106
1.372579,13,12.560749
-1.573318,10,12.565867
-4.013199,11,12.571414
0.481211,12,12.577296
-3.204927,18,12.586084
-0.432241,14,12.593262
-2.040276,13,12.599823
12.857828,43,12.620814
-1.807363,17,12.629193
-4.88048,19,12.638524
2.362081,12,12.644499
1.715036,18,12.653292
-0.07941,22,12.664107
2.833916,19,12.673387
-2.487386,13,12.679844
-2.355926,22,12.690666
7.459147,24,12.702489
-4.421408,11,12.708119
-1.767348,22,12.718771
-1.058785,10,12.723767
0.242059,15,12.731162
4.363605,20,12.740903
2.175993,25,12.752908
7.942023,19,12.762222
0.489311,14,12.769213
-5.667532,22,12.779933
-5.685162,11,12.785395
-0.110822,12,12.791333
4.37889,16,12.799326
5.156406,19,12.808727
5.058732,23,12.820009
-1.248817,14,12.826907
0.501344,16,12.834858
6.346005,21,12.845173
-1.95302,20,12.85498
11.671624,31,12.870419
5.194144,25,12.882804
-5.18042,15,12.890038
-3.032548,8,12.894137
-2.207799,22,12.904899
2.288418,14,12.911703
4.838094,21,12.921978
-2.81218,20,12.931869
-3.254375,33,12.947952
20.091361,32,12.963403
4.852037,26,12.976153
0.353377,28,12.990001
-5.851595,27,13.003155
3.911796,16,13.011109
2.651414,15,13.018677
0.067918,12,13.024487
0.862635,14,13.031486
-3.19201,10,13.036675
7.274913,38,13.055267
12.56962,32,13.070771
2.339803,15,13.078495
-3.861065,12,13.084242
0.23176,23,13.095252
4.466781,17,13.103695
2.208562,14,13.110583
3.848521,17,13.118911
8.229748,22,13.129566
-5.259874,17,13.137962
-3.010829,8,13.141987
0.442143,14,13.148965
-1.204406,17,13.157426
-3.980128,17,13.165696
-1.226954,14,13.172469
2.759979,17,13.180867
0.708265,15,13.188282
0.940424,13,13.194617
4.040292,18,13.203483
8.15855,23,13.214718
1.688016,15,13.222115
-4.532016,20,13.231876
-3.524137,20,13.241896
-0.336293,14,13.248981
2.090574,24,13.260655
6.198701,15,13.268125
-2.132295,19,13.277388
8.527179,28,13.290845
3.01374,23,13.302284
3.823538,14,13.309312
1.035335,15,13.316777
15.903623,27,13.329955
-7.385858,16,13.337788
-3.056929,15,13.345152
3.683104,25,13.357507
-7.493576,15,13.365077
16.783217,46,13.387713
-1.777427,12,13.393821
1.241502,15,13.401343
4.071918,23,13.412632
-0.951644,10,13.417753
15.622499,41,13.437963
4.798125,16,13.445947
-5.446985,20,13.455689
6.057304,18,13.46462
4.724179,18,13.473532
-2.617475,13,13.479983
-2.805059,10,13.48508
-4.995767,15,13.492401
-1.208668,17,13.500808
2.065974,16,13.508714
-3.546386,15,13.515938
0.526211,23,13.527291
8.274519,29,13.541542
-6.405782,21,13.55193
2.282394,27,13.565282
5.113118,24,13.576758
10.495605,36,13.594211
-0.23509,28,13.607958
8.807135,25,13.620112
2.20047,12,13.626085
0.33049,29,13.640141
1.720829,14,13.647368
0.679072,13,13.653878
-4.661758,21,13.664251
-2.556458,16,13.67222
8.919897,38,13.690605
6.779389,17,13.699058
-0.924976,15,13.706354
1.029453,14,13.713281
-1.511362,11,13.718685
-2.94913,20,13.72849
6.579476,21,13.738806
0.977168,21,13.749149
3.080126,16,13.757117
4.694368,23,13.768437
-1.974375,24,13.78012
-3.119798,19,13.789458
0.506073,22,13.800392
-0.32068,14,13.807203
0.855219,12,13.813153
-0.016016,20,13.822679
-6.87992,18,13.831485
3.339877,24,13.843304
6.800759,32,13.85891
-0.724477,11,13.864465
1.749853,15,13.871819
1.951026,23,13.883355
0.354901,41,13.903133
13.265924,31,13.918023
14.292605,27,13.931293
8.759014,30,13.945791
-0.031021,16,13.954024
-0.011333,11,13.959587
5.477938,22,13.970498
0.536669,13,13.976762
1.630658,17,13.985209
-3.176996,21,13.995489
-0.750503,9,14.000002
-7.07901,19,14.009289
19.006496,41,14.029656
1.084182,17,14.037893
1.622979,15,14.045489
0.425607,14,14.052381
1.824801,18,14.06136
-2.90298,11,14.066797
7.265707,19,14.076161
1.031984,16,14.084082
-0.643707,10,14.089207
-0.152757,21,14.099779
29.459601,54,14.126071
4.592532,18,14.135115
2.40002,12,14.141128
-5.122882,19,14.150279
4.181605,14,14.157066
-1.833353,10,14.162181
4.167567,17,14.170412
-0.073929,20,14.180321
-1.813457,9,14.184916
7.531155,24,14.196837
-4.563178,25,14.208811
2.713832,14,14.215837
2.453836,17,14.224383
3.133418,30,14.239073
12.578402,27,14.252436
2.796944,20,14.262241
-4.364466,9,14.266687
-4.743575,13,14.273223
1.874078,18,14.282247
-0.002757,14,14.289395
4.454994,22,14.300393
-1.68112,8,14.304458
-3.80176,21,14.315054
5.36503,27,14.32826
2.819662,14,14.335059
2.304983,13,14.341563
-2.722993,8,14.34561
1.508708,19,14.355131
-0.120801,22,14.366054
0.856665,34,14.382517
0.692511,17,14.390965
2.321006,20,14.400719
-6.997298,17,14.409194
-1.047393,32,14.424755
6.5901,18,14.433602
-3.635811,23,14.444838
-6.847905,16,14.452612
1.942415,22,14.463462
0.042651,21,14.473727
-4.243459,12,14.479595
15.280085,30,14.494072
3.373573,22,14.50501
16.016375,44,14.526031
-0.546359,11,14.531497
-2.155053,19,14.540863
-1.466834,16,14.548876
-0.657267,13,14.555323
-1.303465,25,14.567451
-5.248637,20,14.577234
4.825552,21,14.587543
1.391139,15,14.594923
2.193324,15,14.602403
2.368678,13,14.609099
5.220064,19,14.618555
12.461115,25,14.630949
8.044125,24,14.642685
0.935386,16,14.650549
-3.879248,25,14.66283
-0.710217,20,14.672823
0.93997,13,14.679271
-1.182064,22,14.690067
4.820823,23,14.701219
4.049043,24,14.713106
8.171481,33,14.729297
0.735954,13,14.735852
0.485158,32,14.751533
2.888218,16,14.759457
-1.527002,12,14.765591
2.16888,42,14.786093
0.92064,20,14.795969
-5.827807,18,14.804803
4.394588,34,14.821477
9.441668,34,14.838263
9.445403,28,14.851993
-4.679711,21,14.862211
6.662342,24,14.873837
14.075597,28,14.887537
-4.362682,29,14.901798
3.543375,17,14.910075
-8.518039,12,14.916209
-2.004313,10,14.921159
-2.163542,12,14.927145
8.082079,34,14.944001
2.717093,26,14.956736
-1.403415,24,14.968427
-0.144028,18,14.97739
1.622145,19,14.986836
2.304299,21,14.997232
7.803636,24,15.009022
5.806424,17,15.017504
-1.002124,14,15.024689
13.943023,37,15.042939
0.516971,28,15.056694
0.81837,16,15.06461
1.78903,12,15.07057
-0.243591,13,15.07701
19.265076,34,15.09347
5.296268,24,15.105149
-0.142448,12,15.111156
2.016816,19,15.120672
0.967786,14,15.127736
17.417041,39,15.147116
-1.703111,21,15.157568
-1.427997,12,15.163415
0.193102,13,15.169933
7.489263,24,15.181874
4.018835,19,15.191313
5.384933,25,15.20355
6.111466,26,15.216219
1.257783,17,15.224533
2.148271,22,15.235117
1.212689,13,15.241648
5.710637,33,15.257896
1.228652,11,15.263442
1.679215,31,15.278601
1.993678,18,15.287606
2.243419,30,15.302166
6.712358,21,15.312515
1.42782,13,15.318964
-3.231746,11,15.324346
0.282434,29,15.338613
-0.209639,15,15.345852
9.822809,23,15.357501
-2.045872,11,15.363142
6.908969,26,15.375941
12.144538,28,15.389666
2.08407,11,15.395081
-2.139588,20,15.405022
5.751825,26,15.417755
0.384316,11,15.42316
-1.946608,13,15.429589
0.038366,20,15.43959
-0.21282,17,15.448036
0.738282,16,15.455866
-0.942217,12,15.461952
-1.283271,9,15.466431
1.780728,32,15.482035
2.320619,17,15.490379
0.340282,19,15.499789
5.512375,16,15.50783
3.169738,16,15.51572
-0.20349,19,15.525001
1.126883,30,15.539918
-1.047506,15,15.547387
21.349336,43,15.567954
0.177514,15,15.575364
-0.77622,15,15.582728
-1.06174,30,15.597262
-3.81924,22,15.607931
4.920841,16,15.615973
2.948155,25,15.62829
-1.414994,21,15.638339
13.120554,31,15.653704
0.923551,22,15.664262
-2.266546,22,15.67496
-3.569349,17,15.683555
-8.386668,52,15.708328
-3.056814,18,15.717294
-4.409105,13,15.723815
-4.422886,17,15.732185
0.545233,18,15.740887
3.151164,19,15.750258
-1.996385,28,15.763738
6.959759,23,15.774916
0.188952,12,15.780928
8.29606,28,15.794679
10.093076,26,15.807293
0.642539,12,15.81327
-1.799222,11,15.818813
5.714181,22,15.829441
4.390599,19,15.838927
-1.368372,16,15.84692
-3.186647,31,15.86233
8.835558,24,15.874353
-2.605872,14,15.881206
3.055382,15,15.88863
-1.780757,15,15.896187
-3.004141,11,15.901751
0.338052,14,15.908962
1.819699,29,15.923296
-4.057235,20,15.933101
-0.786015,20,15.94305
3.177526,15,15.950747
-0.571353,18,15.95947
12.034911,37,15.977866
5.547584,23,15.989163
-0.450229,10,15.994146
-2.217041,13,16.000592
4.779606,17,16.008985
6.336558,20,16.018977
-11.7085,20,16.028851
-0.999697,15,16.036572
0.111785,12,16.042687
2.025025,13,16.049044
2.252743,17,16.057508
-3.735779,17,16.065922
-4.214941,17,16.07425
6.931545,30,16.089021
3.470371,29,16.102953
-3.504859,15,16.110287
0.503699,25,16.122628
8.183376,21,16.132911
-0.473709,12,16.139075
0.075764,21,16.149284
-4.985172,14,16.156259
-3.520028,8,16.160231
0.881117,12,16.166146
2.524318,13,16.172592
1.800445,16,16.180424
14.049653,39,16.199636
-2.240587,9,16.204302
-5.331784,14,16.211156
5.77726,25,16.223586
1.055468,12,16.229555
0.605141,18,16.23853
-2.177131,8,16.242624
5.616159,31,16.258026
-0.984752,14,16.264913
-5.72015,16,16.272705
-5.498393,15,16.2802
-1.641314,11,16.285696
22.728986,38,16.304311
13.072005,28,16.318064
2.320709,19,16.32748
11.395467,20,16.337338
5.884747,27,16.35059
2.142178,28,16.364261
1.164546,13,16.370594
2.964819,31,16.386002
5.028391,20,16.395881
-3.436582,18,16.404724
-1.143331,10,16.409607
0.248583,11,16.415127
-0.155433,28,16.428822
6.080477,18,16.437782
11.410095,27,16.451105
0.633654,11,16.45654
-3.280022,22,16.467277
1.125343,16,16.475199
15.146005,49,16.49939
0.422934,19,16.508662
1.859883,26,16.521371
16.166112,26,16.534255
1.949999,30,16.549062
5.963133,16,16.556924
-0.690445,29,16.570887
5.058281,18,16.57985
4.105536,19,16.58924
-0.089117,12,16.594943
3.953808,17,16.603207
3.53918,17,16.611574
-6.786654,18,16.620577
2.817621,18,16.629684
7.996087,25,16.642054
3.070371,27,16.65522
-5.270011,14,16.662308
4.082555,21,16.672802
-6.728505,12,16.678739
-5.626477,29,16.692776
-2.131711,12,16.698911
-2.08763,10,16.703833
-4.146584,18,16.712589
4.828884,28,16.726272
-1.574214,21,16.736292
5.422054,25,16.748662
-4.17782,11,16.75412
-3.724648,15,16.761492
11.432995,36,16.77914
-2.525773,12,16.785114
-4.533396,25,16.7973
4.030315,25,16.80946
4.459592,34,16.825898
-0.106825,16,16.833829
-5.318834,19,16.843112
8.248121,34,16.859628
2.239893,26,16.872083
-0.066714,13,16.878539
-0.855558,11,16.884185
3.665086,13,16.890623
4.501004,18,16.899495
9.261889,27,16.912596
-1.67351,16,16.920506
5.256437,17,16.928886
-2.099264,11,16.93451
1.329904,32,16.950079
-2.207274,11,16.955679
13.032154,34,16.972355
1.576317,13,16.978866
-1.756098,12,16.984844
3.032796,19,16.994311
8.718564,27,17.00743
2.789245,14,17.014382
8.796745,19,20.016721
-2.727975,16,20.202365
-2.467204,11,20.330252
0.198097,11,20.457754
-0.327559,14,20.61988
-4.077269,25,20.90888
-0.671564,25,21.198712
-5.139997,24,21.476372
0.397387,14,21.638748
2.051305,14,21.800843
-1.045843,13,21.951839
8.640672,22,22.207245
16.795323,52,22.811114
16.656608,35,23.216868
-2.011302,23,23.482899
19.129714,48,24.037433
2.56219,14,24.199694
9.274193,34,24.593088
-2.492438,12,24.732287
-3.598814,25,25.021404
-3.67737,38,25.461604
8.444083,45,25.9817
-8.196029,39,26.432991
9.682418,38,26.872413
1.28901,64,27.612784
4.869665,37,28.04066
-14.518385,130,29.544122
-9.573268,65,30.295436
2.764395,142,31.937954
5.427793,111,33.222347
-29.871893,95,34.321167
13.101282,174,36.33455
-27.064422,105,37.549356
9.690564,147,39.250821
-17.256025,101,40.420041
4.173252,103,41.612309
256.455311,185,43.754002
16.887975,151,45.502049
412.658776,345,49.495097
31.663411,141,51.127981
546.715355,398,55.738173
61.096668,196,58.008312
313.197534,493,63.722839
535.779565,452,68.956562
309.451153,211,71.402572
301.559677,197,73.688245
284.175633,221,76.248577
91.356889,240,79.027709
206.550743,299,82.493717
496.061875,376,86.852852
340.449112,194,89.106175
212.257358,143,90.764732
302.707077,179,92.839857
177.59026,106,94.068802
336.371051,197,96.354245
77.088454,177,98.406272
441.615337,318,102.093613
606.157443,482,107.691864
220.697383,119,109.072329
247.643869,136,110.651236
197.456525,118,112.020192
203.225558,101,113.192123
296.11032,181,115.294199
286.560599,142,116.942848
191.260636,100,118.10906
124.639653,159,119.954312
93.502363,196,122.224949
110.098953,197,124.511263
349.396675,205,126.885655
75.57729,110,128.164265
282.038062,164,130.065126
20.956329,70,130.875897
51.057581,161,132.745633
175.444453,119,134.125331
112.805813,169,137.380973
243.867895,128,138.866035
265.907624,143,140.521957
298.093003,195,142.782045
312.573418,180,144.866567
204.523405,131,146.382117
240.311907,151,148.13639
274.005763,152,149.897492
352.845531,275,153.088179
200.948668,112,154.386463
268.887701,150,156.125429
305.619625,166,158.052196
302.078226,156,159.860816
283.582078,157,161.680525
266.461939,141,163.319397
191.576982,104,164.523664
256.524498,148,166.239115
304.023679,223,168.824703
241.165226,123,170.249213
291.202535,177,172.298144
283.915334,146,173.99131
332.690202,245,176.827179
121.470448,233,179.563908
278.865053,154,181.346514
321.552715,218,183.875807
438.795741,331,187.70768
313.355583,175,189.740352
132.95957,221,192.300614
172.557407,101,193.475369
295.029545,163,195.364942
215.724643,115,196.697732
139.932567,85,197.681995
212.545646,125,199.1337
206.102575,115,200.46581
169.019594,95,201.56696
167.667689,87,202.575081
200.03186,111,203.864853
186.225104,97,204.987137
161.407932,94,206.075716
185.363284,97,207.199044
336.574821,299,210.665558
175.191298,103,211.858043
356.536638,307,215.418408
-2.852465,132,216.945952
304.736931,183,219.069381
134.039464,86,220.064035
257.326659,150,221.801931
277.86407,178,223.869038
178.989712,99,225.015699
200.299028,115,226.347779
173.416567,104,227.562264
144.302026,87,228.577295
178.52663,92,229.643465
191.454427,113,230.952501
194.219209,101,232.123117
130.28751,73,232.972354
198.855587,102,234.153875
229.180866,125,235.600808
194.006503,145,237.280949
208.14691,139,238.895627
348.706827,246,241.74367
207.367904,122,243.163609
207.313764,109,244.448014
294.950332,198,246.741677
385.146134,335,250.620806
196.479277,382,257.192451
470.873912,408,261.904654
6.306385,142,263.546978
-11.475847,91,264.597001
-8.24811,150,266.327076
294.330689,199,268.6288
156.55892,147,270.325052
450.938398,428,275.266156
429.134276,258,278.247277
364.650755,188,280.414869
342.31497,180,282.490728
369.877907,243,285.297819
208.578693,141,286.923556
362.66837,264,289.967391
207.032427,155,291.746954
297.877506,180,293.818141
220.887439,183,295.919651
287.332006,566,302.428696
450.535188,340,306.332986
286.427612,243,309.146614
423.491112,273,312.275433
316.336349,209,314.67386
239.341197,155,316.447499
250.824532,156,318.240007
767.893653,480,323.730035
478.668889,275,326.869634
329.579384,263,329.875666
217.355341,150,331.589073
203.49643,128,333.054112
797.573695,477,338.503581
277.453148,185,340.616126
173.840089,105,341.815456
310.68811,174,343.806652
218.865118,132,345.314586
386.545667,259,348.275115
375.705522,240,351.016132
201.466544,126,352.454462
325.8377,219,354.958658
562.810165,409,359.633355
17.24401,158,361.427427
135.5434,402,365.991756
336.985499,218,368.469505
259.010821,182,373.218369
354.809109,259,376.177796
373.691981,264,379.175162
178.991406,133,380.684392
30.031939,170,382.611852
182.632891,128,384.066028
228.735093,141,385.664476
410.641658,259,388.604576
199.279148,144,390.238674
164.324185,113,391.520947
335.883006,243,394.28076
283.610023,201,396.558887
273.36339,204,398.875473
190.291938,139,400.45418
284.141654,164,402.314166
367.874121,222,404.834993
207.939224,187,406.955118
268.456454,163,408.805908
154.68372,135,410.336324
194.492194,128,411.788706
160.356229,316,415.372139
410.518389,243,418.130132
215.618981,176,420.126452
332.068965,268,423.170967
286.7737,186,425.278846
332.645883,231,427.896099
252.642536,170,429.826916
561.551495,505,435.558735
206.446876,147,437.224748
215.685844,165,439.119828
448.901061,333,442.904858
147.221357,110,444.155429
373.059637,237,446.842427
281.390257,184,448.931925
235.512025,182,450.994454
312.156642,213,453.414166
96.801751,202,455.703962
43.663803,135,457.233754
214.913304,156,459.004969
132.727339,102,460.16118
221.487836,155,461.918328
155.239728,113,463.203452
250.403482,161,465.027605
209.662693,170,466.954096
287.270108,207,469.303934
210.466604,141,470.900938
433.528998,318,474.510508
338.902018,259,477.446243
172.232209,115,478.753568
359.298726,235,481.420464
225.727127,176,483.419961
303.645878,192,485.595631
246.10941,182,488.997083
79.314735,147,490.662615
253.846998,185,492.761524
172.636467,116,494.080099
260.500871,180,496.120245
320.588953,253,498.991895
238.491119,183,501.066836
291.149546,214,503.508409
214.466294,152,505.254157
195.276633,145,506.899277
388.217835,290,510.19303
325.929907,262,513.170688
343.470836,220,515.670748
198.391623,134,517.1909
302.517649,225,519.747217
267.36135,185,521.845326
278.481119,168,523.755648
634.36698,496,529.381362
358.444798,318,532.985655
371.654145,252,535.848084
518.82978,422,540.638863
322.862242,251,543.48815
432.449868,280,546.663157
507.260707,386,551.040472
189.504202,156,552.809001
248.326009,199,555.069436
672.071822,658,562.529588
931.907466,792,571.54502
264.539291,217,574.008156
301.531241,226,576.571156
845.832816,739,584.95804
105.116689,168,586.862686
410.069275,304,590.31242
303.145359,161,592.137291
639.26242,468,597.448488
1588.388907,937,612.152675
437.611727,338,615.990721
718.218733,745,624.454517
445.903436,423,629.255806
464.515968,486,634.797201
483.428335,456,639.972062
1055.7867,1000,651.324958
298.410175,180,653.369905
555.91214,405,657.962836
1169.272545,811,667.166917
902.879768,1000,678.521531
527.897556,375,682.775239
201.696765,259,685.716163
284.061296,224,688.259334
1118.620914,729,696.52468
311.749601,172,698.48403
543.051671,330,702.247087
1199.598561,644,709.552862
720.961352,384,713.907256
975.380103,572,723.976578
245.379941,308,727.466364
632.185216,310,730.985174
422.786621,248,733.803325
923.912779,669,741.394499
506.818277,325,745.084302
1021.034644,753,753.631077
161.033386,125,755.047578
206.208046,130,756.521721
614.890046,232,759.155655
707.756857,407,763.782474
214.77971,136,765.344376
518.308755,355,769.375417
224.394967,168,771.280581
241.325114,157,773.059481
716.970231,311,776.587401
283.667352,198,778.837965
213.019313,196,781.060735
386.956353,194,783.259865
295.711476,167,785.157055
248.580806,204,787.468629
387.810556,366,791.622317
514.947048,353,795.627813
392.895596,213,798.043266
1128.735152,415,802.75373
455.114904,194,804.956581
713.531451,324,808.633915
268.993815,167,810.529254
198.609787,132,812.025739
394.289231,214,814.455477
352.49986,198,816.699096
244.394537,136,818.240598
439.696797,196,820.466254
827.016897,402,825.02628
320.16015,151,826.737437
402.030543,270,829.826591
1386.851353,577,839.59824
1064.759956,822,848.919247
1064.758762,534,854.9766
762.385522,481,860.432155
753.041625,287,863.689035
526.138698,325,867.371458
161.670394,112,868.643667
425.110374,205,870.9671
183.234036,130,872.441333
507.652532,245,875.220411
438.042802,170,877.145767
284.390293,156,878.916664
709.577799,268,881.952922
105.382204,95,883.029335
293.005806,205,885.35518
472.559142,250,888.185876
922.626047,436,893.13065
291.154502,179,895.191146
372.000536,187,897.309668
275.959417,272,900.398471
526.484783,276,903.53099
-177.915911,192,905.705
805.146966,393,910.159081
502.186265,250,912.991897
785.526386,308,916.484102
538.3157,244,919.252779
652.316101,256,922.151453
319.254329,165,924.025224
931.000902,437,928.978044
339.398812,184,931.061833
192.708111,116,932.375903
259.522429,141,933.977366
363.341261,476,939.37151
948.236292,329,943.097624
762.680603,297,946.465734
254.133835,192,948.643772
306.258101,164,950.501355
442.642605,245,956.840308
277.282744,146,958.496312
669.075568,225,961.07802
426.956907,190,963.230193
566.42958,284,966.45169
303.625901,173,968.410959
700.367607,295,971.755749
1081.292017,502,977.447721
969.657069,316,981.031457
181.92529,128,982.48181
332.538493,178,984.503928
832.857057,339,988.344713
1014.316049,368,992.517233
1202.966365,493,998.107958
497.860032,306,1001.578568
630.901842,239,1004.289722
254.482705,130,1005.763852
302.481237,171,1007.701093
34.500452,111,1008.96269
262.627904,144,1010.594541
937.785014,430,1015.471677
1116.189197,430,1020.349525
285.879673,172,1022.298255
556.381697,480,1027.768005
338.64899,164,1029.630013
258.913016,309,1033.1318
1149.998964,480,1038.577224
217.989448,136,1040.118637
152.939026,130,1041.591045
766.804498,447,1046.658655
751.752531,459,1051.860719
261.13568,159,1053.665247
502.980914,290,1056.950845
636.228144,340,1060.805635
351.261062,317,1064.400899
316.556334,214,1066.826127
881.587972,383,1073.407789
767.759795,364,1077.535738
1200.996105,459,1082.740996
1194.445748,583,1089.366202
911.843472,442,1094.392183
540.482876,243,1097.143833
121.221026,171,1099.08375
1605.052721,829,1108.476572
169.829811,127,1109.917581
923.294079,375,1114.167699
304.026156,155,1115.923002
316.067107,186,1118.029516
137.316975,155,1119.788328
514.464883,213,1122.200377
511.990367,259,1125.137755
139.2487,106,1126.338108
724.474993,329,1130.067776
128.043618,110,1131.319551
1025.54485,459,1136.525873
585.125074,280,1139.704877
797.287783,325,1143.384236
159.484617,100,1144.520365
337.592691,154,1146.264323
580.974853,285,1149.497586
1009.01848,444,1154.559393
969.692295,393,1159.027542
799.83556,305,1162.481524
383.05915,176,1164.478199
891.733378,347,1168.408784
223.071137,125,1169.827897
389.052936,202,1172.115287
759.21848,288,1175.380948
314.803989,150,1177.078657
758.599168,321,1180.717798
376.202715,212,1183.118661
438.137913,234,1189.160593
1093.57842,618,1196.163466
698.723994,265,1199.179427
783.120915,329,1202.905337
458.982853,215,1205.344939
516.292536,228,1207.927183
557.940094,247,1210.728937
481.571918,262,1213.695877
556.251639,230,1216.301952
530.803977,244,1219.073569
593.489681,246,1221.881498
1034.493038,338,1225.711179
393.418691,213,1228.121803
728.12865,294,1231.455272
892.133698,330,1235.193422
1006.792804,347,1239.124895
1423.464483,571,1245.592427
516.035392,243,1248.341602
1208.841291,431,1253.224749
972.899752,365,1257.359473
666.947241,282,1260.556816
569.992469,245,1263.32978
500.341252,264,1266.320898
665.006148,267,1269.346192
919.390499,316,1272.923932
857.859747,335,1276.719724
642.805774,266,1279.735896
657.241136,268,1282.769982
806.806664,278,1285.949549
154.628881,97,1287.047529
701.774129,258,1289.971607
1109.391156,386,1294.344644
617.538454,255,1297.231907
438.754999,205,1299.555488
1003.013467,432,1306.516511
1095.862392,359,1310.5832
782.815085,294,1313.915024
759.996207,281,1317.095365
874.617709,281,1320.280435
190.757061,108,1321.502861
999.814422,360,1325.581438
652.159737,316,1329.162321
513.333506,223,1331.686619
557.008432,245,1334.463946
545.449008,238,1337.157521
555.849352,230,1339.76363
1194.407995,464,1345.020263
1245.504456,450,1350.135756
215.894537,119,1351.487889
609.021419,273,1354.583185
852.498154,311,1358.100295
1117.409675,483,1363.568127
768.236511,302,1366.98615
140.033062,84,1367.936187
276.055638,135,1369.466422
1020.8695,427,1374.300252
480.698344,220,1376.787659
485.717553,161,1378.608319
582.314958,239,1381.316556
909.311546,325,1384.995992
1013.243338,344,1388.887407
151.04834,90,1389.907382
208.687751,106,1391.10583
508.516458,224,1393.640763
551.646454,342,1397.511038
162.756994,88,1398.505905
727.161815,240,1401.223344
560.44422,266,1404.237752
911.010711,302,1407.651886
957.872268,311,1411.171096
367.956717,189,1413.307288
560.345614,226,1415.894469
819.073677,305,1421.450591
652.719975,257,1424.362508
409.30788,210,1426.735878
371.249204,198,1428.976637
939.925269,311,1432.493062
1087.411067,352,1436.476932
690.742392,276,1439.603829
434.661448,209,1441.966568
118.198674,77,1442.837046
639.351083,261,1445.792604
1068.98902,368,1449.955926
1085.653871,352,1453.935349
765.134971,282,1457.127071
185.026227,119,1458.472762
678.846721,321,1462.106398
870.577946,309,1465.606403
837.419185,296,1468.953699
708.395429,259,1471.885019
1185.723819,484,1477.363721
1026.41027,353,1481.385776
774.770979,291,1484.680068
189.508058,101,1485.82384
757.792509,280,1488.989791
599.999872,317,1492.57754
849.27665,312,1496.111375
414.168479,203,1498.404876
258.229493,128,1499.858804
207.271355,114,1501.147179
822.713944,303,1504.574548
799.252068,282,1507.751069
879.880515,323,1511.376175
751.3764,274,1514.452581
175.057818,105,1515.629564
759.209792,279,1518.756907
458.980175,180,1520.778007
282.965305,127,1522.201572
776.66055,308,1525.657701
988.346227,381,1529.932502
631.320303,262,1535.22349
463.321619,221,1537.701521
375.604846,163,1539.531995
796.805032,291,1542.795591
1092.711577,383,1547.115966
609.598637,262,1550.057595
288.4484,144,1551.671655
445.203336,209,1554.01627
962.083828,369,1558.156165
458.958856,215,1560.572392
517.524989,257,1563.453442
237.14757,121,1564.813606
91.417213,76,1565.665774
145.250659,87,1566.641186
126.206299,76,1567.49333
154.430793,96,1568.569373
109.833934,73,1569.391654
663.516658,252,1572.217176
1276.041523,546,1578.344413
625.992049,230,1580.927914
515.581609,340,1584.743379
132.214581,432,1589.590914
108.694427,83,1590.520809
176.127063,104,1591.686154
746.539806,302,1595.075205
39.737903,131,1596.544373
592.498361,264,1599.509003
605.259124,242,1602.222546
1154.037878,425,1606.991379
294.569412,165,1608.841779
285.126955,154,1610.596903
272.789817,140,1612.168019
40.962555,83,1613.099271
1178.973381,403,1617.621914
930.166676,357,1621.632534
619.359643,247,1624.407104
720.075154,285,1627.603413
666.647078,261,1630.53588
1333.992982,418,1635.227232
863.356681,360,1639.271158
379.625999,192,1641.425922
69.867084,103,1642.581743
1318.637113,433,1649.92933
747.473026,293,1653.213899
1186.375425,441,1658.160029
1030.014282,337,1661.939671
748.764924,300,1665.308187
175.146406,160,1667.099307
979.135364,376,1671.318291
1014.715513,393,1675.753556
829.985082,434,1680.626801
1020.092001,444,1685.60546
985.143457,334,1689.350413
160.328106,90,1690.358265
1002.683756,396,1694.800525
134.126491,76,1695.651699
482.592357,202,1697.913436
643.920289,275,1700.9976
767.06911,283,1704.170617
500.661571,226,1706.705162
995.945623,370,1710.856127
524.257643,247,1713.623557
585.60523,250,1716.429326
952.363107,371,1720.587994
900.486631,281,1723.737031
118.628667,70,1724.524615
461.921054,179,1726.52858
543.783669,222,1729.014027
784.278514,296,1732.333045
1354.735332,478,1737.690304
687.06432,278,1740.835737
116.689424,74,1741.666073
209.981601,100,1742.786124
422.153638,157,1744.547753
1301.291943,453,1749.622953
772.357929,374,1753.810824
770.138299,278,1756.921021
566.84589,213,1759.30421
124.224728,76,1760.15339
717.094395,287,1765.800726
668.589116,260,1768.702109
128.231307,82,1769.620789
991.316948,353,1773.562968
654.133321,291,1776.814175
207.787335,118,1778.1309
629.646173,275,1781.203894
93.404879,65,1781.92845
352.370776,152,1783.62568
431.429006,166,1785.481864
773.18727,314,1788.985569
775.873304,252,1791.801409
690.874757,287,1795.008444
497.049774,208,1797.329736
177.628021,95,1798.389031
651.511476,237,1801.040291
250.923365,115,1802.323165
178.466992,95,1803.383173
796.484275,300,1806.762175
141.711694,87,1807.733031
849.400284,305,1811.141341
581.949176,231,1813.721293
104.626248,67,1814.472777
108.328023,65,1815.198395
235.13997,158,1816.961687
946.298802,319,1820.526936
790.236739,302,1823.89862
106.801435,75,1824.739415
101.097924,65,1825.465041
916.344629,353,1829.407094
835.698578,255,1832.254264
498.324167,184,1834.30928
234.18766,117,1835.617628
665.445187,263,1838.553675
173.648861,99,1839.661899
611.160385,256,1842.5213
669.563006,250,1845.31483
279.24989,130,1846.766034
107.284128,64,1847.480515
364.399941,140,1849.042503
618.959247,244,1851.770319
604.361352,274,1854.833253
186.261129,117,1856.137941
908.796479,312,1859.624597
119.803559,83,1860.55009
168.51801,90,1861.55447
951.655656,426,1866.310645
952.996247,300,1869.666701
894.617653,332,1873.392861
837.107473,313,1879.456218
594.977952,255,1882.303351
102.109444,62,1882.995036
160.450901,89,1883.987809
656.438738,277,1887.084138
579.664649,237,1889.733035
767.254941,267,1892.712241
682.125159,240,1895.393875
248.315821,119,1896.72143
784.760077,371,1900.863636
163.922206,98,1901.956796
782.032117,315,1905.4762
812.86757,341,1909.280327
602.656501,241,1911.972049
642.72568,257,1914.842166
725.781342,284,1918.009657
716.75669,272,1921.049845
116.30025,77,1921.908489
692.133168,283,1925.06959
809.418653,273,1928.115152
253.658033,113,1929.377047
141.73817,83,1930.306161
124.852163,77,1931.165077
1024.295804,365,1935.253343
279.278244,123,1936.639331
446.401276,172,1938.558895
771.448759,244,1941.283653
717.697267,344,1945.127054
616.138964,250,1947.916884
813.191842,274,1950.97734
244.641764,224,1953.475266
239.096837,129,1954.91813
106.49285,75,1955.754534
645.562538,265,1958.711386
137.202205,82,1959.629124
854.670346,332,1963.333732
1017.941196,385,1967.632021
1327.902528,449,1972.643038
920.687878,308,1976.083189
680.905559,267,1979.064756
492.260326,230,1981.633998
620.199908,243,1984.345772
181.897413,101,1985.475698
265.906806,122,1986.836583
684.508544,263,1989.775226
666.907753,254,1994.877231
96.785748,75,1995.714526
673.20442,268,1998.705073
1047.240693,360,2002.75164
632.202977,219,2005.199392
691.744446,293,2008.470073
883.720819,346,2012.336295
293.718586,132,2013.809371
637.887427,273,2016.859457
1108.347069,378,2021.080494
688.387132,300,2024.42998
996.986782,318,2027.981387
1154.555384,402,2032.470601
1400.712785,501,2038.063722
161.811067,95,2039.125796
642.278482,251,2041.930117
567.982084,225,2044.440829
638.84883,275,2047.515356
686.117172,254,2050.352798
592.440293,245,2053.086817
1187.253533,412,2057.687507
899.888231,309,2061.1383
664.09911,248,2063.905114
606.911556,249,2066.725075
975.34346,437,2071.607961
1329.971187,412,2076.207884
552.966999,306,2079.626088
598.025281,246,2082.371617
590.80254,232,2084.96489
757.753255,259,2087.855083
135.243447,78,2088.72489
661.425004,282,2091.876544
741.774193,280,2095.004361
1251.930634,423,2099.735762
709.442225,262,2102.659091
612.089463,235,2107.527201
632.177914,252,2110.345239
1153.87151,345,2114.197967
548.35117,201,2116.445689
816.876436,430,2121.251814
902.121345,297,2124.568692
824.186833,302,2127.94435
1295.747925,403,2132.474553
843.544993,333,2136.19766
1411.485514,477,2141.526662
488.644948,215,2143.927704
759.545831,286,2147.126303
338.446831,213,2149.50416
752.823253,262,2152.434095
290.02429,135,2153.941669
1241.461103,403,2158.446808
342.178314,145,2160.071182
1050.184772,359,2164.079988
1230.056034,367,2168.180335
71.349328,107,2169.37562
607.296572,250,2172.172062
655.695088,256,2175.035402
749.119518,317,2178.574549
729.488029,293,2181.848996
725.826258,263,2184.788283
751.776857,378,2189.010048
659.686832,305,2192.420393
841.468049,309,2195.895505
680.374778,275,2198.972947
604.508662,246,2201.72319
708.311073,271,2204.752932
975.760229,363,2208.806539
379.683672,168,2210.685574
797.852453,341,2214.494702
870.728557,331,2221.557047
653.408724,270,2224.571019
751.83893,354,2228.526231
1116.124333,389,2232.871687
543.428641,217,2235.297577
1225.637819,424,2240.034254
872.181549,338,2243.807369
175.638658,96,2244.88323
667.985608,252,2247.69622
120.23329,77,2248.555387
1354.925885,425,2253.303365
961.448343,321,2256.890436
1087.455702,340,2260.704237
778.135731,330,2264.400853
877.905155,340,2268.201638
1112.008683,387,2272.525617
2042.802516,679,2280.115191
1138.78215,422,2284.831187
1788.183871,555,2291.031703
1241.144774,409,2295.601421
730.398279,267,2298.581173
992.452314,344,2302.425705
1197.174949,366,2306.514482
989.974265,308,2309.955946
968.50484,347,2313.828322
772.933376,280,2316.958107
2040.422472,671,2324.451788
1855.84938,562,2330.758966
966.19424,322,2336.703989
925.366536,301,2340.068747
1019.277119,339,2343.852546
1202.86359,431,2348.668485
889.56641,313,2352.166958
875.530886,297,2355.487927
1315.318901,395,2359.899846
917.075189,308,2363.338247
784.750809,293,2366.613004
1563.476153,509,2372.299334
851.688579,290,2375.540173
873.847529,302,2378.91095
859.192954,304,2382.307792
811.214648,323,2385.918764
579.134758,231,2388.497034
713.241219,264,2391.475581
946.287177,304,2394.871166
752.482772,265,2397.829764
640.826448,244,2400.574062
948.371974,319,2404.136611
474.273666,213,2406.518187
1528.568932,501,2412.115223
656.718745,253,2414.944816
668.829321,242,2417.646574
900.284376,308,2421.089107
873.585628,304,2424.48287
711.498568,227,2427.020181
1214.334188,413,2431.634183
402.068323,204,2433.910432
685.269709,247,2436.671864
722.433748,263,2439.607965
999.319776,394,2444.011463
1401.21895,494,2451.720052
963.244899,332,2455.43914
167.747333,92,2456.485097
1170.050745,489,2461.947386
665.122726,234,2464.55751
903.938641,309,2468.009051
614.186335,231,2470.590721
686.155827,275,2473.662691
792.578383,281,2476.801279
1018.754033,333,2480.519462
696.302812,235,2483.141692
645.808118,237,2485.790452
907.587475,314,2489.294946
502.648005,212,2491.664472
1025.183799,343,2495.495821
812.063901,278,2498.597922
954.745184,309,2502.050369
1370.908802,457,2507.156243
992.219819,339,2510.943713
1602.808749,513,2516.674075
1073.595593,345,2520.539998
762.376415,262,2523.481255
1013.649087,316,2527.010876
1265.17934,374,2531.188533
654.813363,241,2533.87989
1164.969757,388,2538.214662
984.776626,331,2541.913449
728.178405,258,2544.793794
1313.969149,409,2549.36233
648.853287,261,2552.277838
701.899454,291,2555.528162
601.608008,194,2557.693274
764.3858,271,2560.72143
1106.168742,355,2567.98284
461.793407,215,2570.388343
1139.189743,356,2574.365091
701.258997,267,2577.349953
1081.549197,338,2581.130616
731.983724,283,2584.291817
858.925012,275,2587.393486
664.526978,251,2590.201144
1344.552401,471,2595.465956
1009.53919,364,2599.530709
1094.320893,348,2603.421079
673.529328,241,2606.115783
1264.791685,401,2610.598065
909.063749,284,2613.769652
673.998522,251,2616.577492
650.840825,239,2619.247257
928.939156,311,2622.724691
1172.816109,357,2626.715207
684.884828,242,2629.41763
1291.73824,404,2633.934147
1108.345669,341,2637.746882
686.444658,251,2640.556295
688.544163,250,2643.348639
115.483441,73,2644.163885
604.788511,228,2646.714229
1150.280483,379,2650.963975
152.104216,87,2651.950487
662.377893,248,2654.721951
513.761464,232,2657.316579
906.170806,312,2660.804444
1053.262426,330,2664.490412
677.727397,252,2667.310209
815.357328,283,2670.476134
1169.357699,375,2674.663521
1254.979069,402,2681.651045
648.207895,231,2684.232979
345.928255,137,2685.768339
173.454451,96,2686.841836
1024.780437,338,2690.623895
610.513284,206,2692.926502
1124.331561,361,2696.966426
985.614127,326,2700.616803
844.437085,283,2703.778595
1005.647501,305,2707.190183
498.053269,197,2709.392282
836.764291,270,2712.413262
317.955,140,2713.978227
1020.147365,327,2717.659664
746.669836,244,2720.389158
1055.732469,332,2724.097882
802.40431,316,2727.633145
709.249709,260,2730.542734
805.124496,260,2733.44742
1146.891039,370,2737.586131
395.992293,186,2739.664046
1265.116916,420,2744.373153
685.416517,246,2747.125912
1105.670074,337,2750.89577
215.798941,105,2752.069237
280.572404,122,2753.432563
775.68028,268,2756.431585
851.843337,295,2759.729925
1027.155512,321,2763.321473
398.755462,156,2765.064313
771.333937,293,2768.343306
1022.809738,309,2771.799715
840.782668,272,2774.839056
919.250139,329,2778.520049
1075.332311,321,2782.136157
904.375014,296,2785.446614
424.334213,200,2787.680638
716.602782,248,2790.455443
819.867839,327,2795.822044
695.844257,242,2798.525368
912.944677,320,2802.103873
1097.129409,314,2805.615552
721.162734,249,2808.397757
966.217954,301,2811.763729
756.839375,261,2814.679474
141.198457,82,2815.599377
1468.411645,422,2820.318212
925.385978,310,2823.780505
841.780559,287,2826.990357
1189.132811,380,2831.23935
745.41928,269,2834.246629
882.791296,289,2837.479998
591.267352,207,2839.793194
1323.617307,402,2844.287333
624.077916,206,2846.61416
171.579227,93,2847.657209
953.042503,312,2851.147129
113.292675,69,2851.91839
692.004671,243,2854.633175
1072.714859,326,2858.27684
841.345056,298,2861.608911
406.776729,141,2863.184076
1171.812102,363,2867.241451
668.934979,249,2870.021993
422.862165,215,2872.426084
676.117188,241,2875.117729
1114.830843,323,2878.728868
887.600672,278,2881.838975
804.510986,253,2884.664555
1060.831915,352,2888.600527
122.414995,78,2889.472318
534.117822,189,2891.58683
657.911504,224,2894.088744
983.353472,315,2897.611314
1220.073102,377,2901.825568
1020.772216,337,2908.192781
892.723684,279,2911.328699
858.207273,283,2914.50159
823.624845,272,2917.546104
1109.007637,358,2921.54997
95.091285,71,2922.343451
943.350862,308,2925.788636
1291.783196,372,2929.944651
1252.148111,370,2934.082767
751.565344,259,2936.980303
1009.240959,364,2941.054068
1260.645706,385,2945.358388
799.356543,281,2948.502091
281.228255,227,2951.043016
1103.967135,346,2954.910849
1099.549494,390,2959.272672
748.340816,266,2962.249981
1374.945633,451,2967.296687
1324.910557,393,2971.69082
857.693658,304,2975.088077
1771.717976,589,2981.705624
1077.799325,372,2985.868089
882.992471,280,2988.997902
127.125924,77,2989.85899
558.985499,202,2992.120337
1137.402201,333,2995.846983
1142.254127,382,3000.135894
119.601068,77,3001.000437
911.704831,305,3004.409092
879.306383,295,3007.708966
835.124006,314,3011.222472
816.639924,360,3015.247156
235.84852,112,3016.501831
1218.5144,419,3024.049695
1150.115928,349,3027.953446
1138.038979,352,3031.892469
877.912073,305,3035.302166
1294.889058,400,3039.77472
825.872856,339,3043.595836
945.06658,431,3048.418703
794.527447,284,3051.597903
1228.085245,386,3055.916967
1130.345423,335,3059.664318
907.278563,301,3063.032156
138.734689,91,3064.049333
377.34355,233,3066.657756
960.571326,330,3070.346777
981.212261,398,3074.800923
101.937564,327,3078.459297
805.305877,273,3081.515201
1199.728641,374,3085.700419
803.657259,271,3088.730279
1193.268071,391,3093.105787
307.848612,146,3094.737971
1143.612667,358,3098.743602
1295.365553,417,3103.410197
484.504975,179,3105.411006
1392.966733,461,3110.594742
843.452092,282,3113.747006
1678.882705,485,3119.171687
1073.574134,337,3122.944753
1279.710189,384,3127.242747
1039.358972,372,3131.404898
1013.80933,371,3138.896426
1892.349163,662,3146.293297
921.930486,318,3149.845201
210.078752,109,3151.066176
1008.398403,328,3154.73024
796.128157,304,3158.130101
993.287143,309,3161.584376
987.635663,299,3164.924371
1325.105431,419,3169.609341
167.031272,99,3170.720473
1034.915208,339,3174.53143
612.820706,233,3177.138062
1615.98814,528,3183.038088
769.570005,290,3186.279922
1177.927006,371,3190.420612
1151.569734,339,3194.208209
968.434033,327,3197.860512
1109.907559,360,3201.88081
707.99661,270,3204.893167
998.171455,307,3208.321959
801.499739,283,3211.483436
1256.887491,396,3215.905913
1207.136883,401,3220.384216
951.522567,307,3223.81731
687.152953,269,3226.825762
1259.003883,389,3231.174651
1215.683404,359,3235.184908
1453.978176,466,3240.421029
112.829812,66,3241.161989
1286.497908,403,3245.664335
1170.73736,383,3252.732932
1350.467511,403,3257.239421
1243.935956,378,3261.46266
895.425751,292,3264.721225
996.449484,302,3268.096104
1190.41158,449,3273.111614
1240.079392,411,3277.701788
908.149338,302,3281.075948
1258.072009,368,3285.184608
2367.455185,777,3293.862711
857.758,279,3296.979681
1378.714467,420,3301.691073
1731.32399,523,3307.546765
1530.09342,451,3312.588232
1009.840698,346,3316.456748
675.85806,273,3319.506704
1321.536546,414,3324.13225
905.022588,293,3327.407126
963.229215,312,3330.894074
1120.698954,368,3335.002729
958.310486,312,3338.489625
1040.642968,409,3343.062752
1023.183856,321,3346.648033
933.876954,311,3350.117265
1078.323202,324,3353.735915
1411.4673,562,3360.013589
1331.395553,385,3366.657098
848.61712,336,3370.422821
1470.905217,453,3375.482948
1029.837334,347,3379.359863
894.319803,305,3382.767623
514.054807,179,3384.765531
1541.934363,492,3390.268342
2438.885003,716,3398.275344
1160.253011,343,3402.111739
1177.290514,378,3406.340596
1517.313545,476,3411.664803
1549.923846,454,3416.740167
1289.647119,436,3421.618794
2187.730682,643,3428.806293
757.692083,262,3431.751333
1300.61436,385,3436.070981
1161.103405,363,3440.124824
1258.305008,420,3444.815657
1844.903444,546,3450.917983
2305.105791,707,3458.816347
991.36745,292,3462.079747
511.265733,219,3464.525805
1021.18047,343,3468.358629
1407.716512,416,3473.005317
1763.2477,564,3482.255286
1434.10265,428,3487.062342
1265.13734,372,3491.247257
1105.715881,341,3495.079812
1430.833989,445,3500.111742
869.734285,319,3503.701572
1070.903943,358,3507.728489
714.579179,272,3510.785279
1581.529654,470,3516.072492
1454.47321,437,3520.986589
1126.537325,374,3525.189369
1172.833611,374,3529.395368
1289.536412,401,3533.9009
1831.866169,568,3540.282055
1239.281396,376,3544.506119
953.112379,320,3548.102562
1781.237382,523,3553.97741
800.878714,286,3557.191505
1071.38813,346,3561.080676
999.113063,321,3564.71148
1344.599784,398,3569.182192
909.914727,319,3572.766432
1669.425223,533,3578.759242
1441.078276,416,3583.438058
1047.779934,332,3587.17231
1425.698571,465,3592.399753
1456.576396,455,3602.118401
1086.883744,381,3606.370258
1299.965813,393,3610.752688
2335.462757,699,3618.564101
1428.773357,470,3623.811588
1270.467279,399,3628.289913
1627.495633,468,3633.52021
1518.242412,495,3639.051588
1595.816156,479,3644.40567
1262.311909,398,3648.855953
1489.62448,484,3654.265563
1358.943965,412,3658.873034
1456.382677,470,3664.12912
1271.96148,393,3668.522237
348.164826,152,3670.220243
2454.797068,777,3678.90667
2616.653302,722,3686.972792
944.631154,309,3690.420983
1768.733675,534,3696.413696
2849.394297,767,3704.977214
2119.172087,629,3717.357045
1893.536078,537,3723.363325
1489.161277,429,3728.159488
3145.555045,863,3737.810388
955.548456,316,3741.345279
2327.525319,650,3748.609341
1533.536954,442,3753.551581
1164.720973,364,3757.646556
1571.45626,472,3762.926674
1654.062567,498,3768.494502
3539.119535,1000,3779.674914
1608.055312,518,3785.465745
1413.468678,425,3790.215785
1377.285678,391,3794.587676
1087.729984,329,3798.266641
1687.59587,463,3803.442807
2189.948491,620,3810.372767
2840.815638,835,3819.709139
3662.361902,1000,3835.604919
2891.003163,785,3844.385303
401.198675,149,3846.050283
1479.056386,472,3851.33225
965.897343,307,3854.763208
1736.554212,504,3860.398981
1832.221694,493,3865.911823
1541.841121,462,3871.079275
2095.510602,606,3877.858442
1387.860981,417,3882.522558
1786.769999,499,3888.127487
3678.849765,1000,3899.312672
889.803382,306,3902.750423
1658.086057,506,3908.411276
950.970344,301,3911.778885
1783.628477,526,3917.660686
1083.814826,346,3921.530134
1334.331987,421,3926.234457
1242.377525,395,3930.652915
1433.378699,445,3935.642622
2666.518151,725,3948.475169
1237.22362,379,3952.737442
3027.631781,820,3961.911067
2118.15906,595,3968.562462
3090.535371,793,3977.429968
1675.88479,529,3983.344251
1395.59283,417,3988.007161
1765.659127,527,3993.898904
1762.840502,554,4000.094931
396.080916,149,4001.763601
1802.554369,512,4007.489231
1081.366843,350,4011.40301
1702.873612,496,4016.957797
2724.33004,735,4025.194151
1295.354932,368,4029.310043
1755.876248,495,4034.84516
1887.504429,499,4040.424075
152.67993,86,4041.386545
1376.680089,412,4045.992117
1858.90798,506,4051.651567
855.29948,259,4054.544613
148.530227,91,4055.56085
1325.932113,385,4063.981425
2748.625933,722,4072.054003
2070.488974,559,4078.302641
102.393965,63,4079.008749
1262.473322,385,4083.338415
2367.625519,633,4090.413633
1623.32872,458,4095.534641
548.068312,187,4097.627795
1495.720178,423,4102.357657
1750.683343,569,4108.716471
1581.805528,440,4113.635024
2498.522365,669,4121.113374
2406.680454,642,4128.292289
1861.987385,510,4133.992288
420.025106,182,4136.025316
142.600474,80,4136.923171
2058.773925,569,4143.283805
2405.381264,638,4150.439621
2611.421593,765,4158.991656
1582.991901,479,4164.345533
1961.640755,569,4170.703213
2291.99988,674,4181.926286
1702.691138,494,4187.45299
1593.064314,450,4192.485873
247.46744,107,4193.682164
1685.885298,467,4198.931009
2575.93267,692,4206.669798
1709.453593,500,4212.269713
2003.848837,546,4218.390045
2063.95746,535,4224.370713
121.185486,81,4225.275264
2086.038223,572,4231.6719
364.917942,139,4233.225282
1672.965771,458,4238.344206
240.299893,123,4239.718148
2063.10889,557,4245.943087
1456.970617,439,4250.850307
245.90991,123,4252.22854
281.009061,113,4253.490166
280.296656,112,4254.740944
135.28352,71,4255.533934
119.271313,63,4256.238064
1471.370604,452,4261.29201
1205.912072,372,4265.451007
103.946824,71,4266.244167
1574.331075,442,4271.185526
3073.643436,795,4280.099012
978.806013,306,4283.521279
2432.053988,658,4290.875897
1121.356953,356,4298.144535
294.027337,137,4299.675982
1273.69199,357,4303.669402
274.165528,142,4305.256349
1682.887407,523,4311.103411
1696.241251,465,4316.304963
768.091835,235,4318.936805
1555.093734,443,4323.892412
1861.10985,538,4329.91194
2061.448463,544,4335.996364
1167.695899,368,4340.113624
1164.309098,342,4343.966301
1662.656584,467,4349.190507
1378.214288,394,4353.597381
3173.696941,868,4363.306787
303.629632,132,4364.781968
2398.585574,654,4372.098397
2374.376978,659,4379.470041
1982.643255,556,4385.68664
108.659732,70,4386.468634
3317.845019,907,4396.614801
2531.471526,669,4404.098787
1976.108611,541,4416.075631
1962.372183,531,4422.008376
2752.488436,734,4430.204446
174.300826,100,4431.320639
1490.231699,434,4436.167332
1477.193565,426,4440.932421
1446.454911,424,4445.671865
1285.475299,412,4450.279183
1971.589712,615,4457.156817
868.659329,311,4460.631176
3010.965336,762,4469.149414
1898.211439,569,4475.533893
3013.413205,789,4484.352432
783.448952,237,4487.00317
2470.265455,647,4494.232788
2408.123652,656,4501.565812
1357.614903,439,4506.472438
1434.614241,419,4511.156704
1370.925563,455,4516.242507
3586.656341,1000,4533.018556
1692.553131,482,4538.434058
3490.37078,905,4548.553962
2799.340712,781,4557.291192
3435.333284,926,4567.647928
3586.295625,947,4578.237468
3651.863642,885,4588.134041
1718.580383,648,4595.38066
1942.580926,551,4601.544705
2299.553151,631,4608.632564
1552.465369,451,4613.67638
1335.588158,425,4618.431082
3273.572204,875,4628.220747
950.010409,295,4631.518503
3724.066581,1000,4649.357398
936.756074,312,4652.84428
2864.736808,781,4661.569095
1889.472788,522,4667.413155
3620.778882,1000,4678.608007
1654.151218,473,4683.89528
2276.316385,654,4691.203691
1505.154137,464,4696.390894
1185.284531,347,4700.269479
3648.164147,1000,4711.446431
1185.198713,355,4715.414731
1515.585338,420,4720.107799
3649.812077,1000,4731.274505
2663.333506,706,4739.190029
3208.804957,1000,4750.355761
3573.16756,1000,4768.84883
1953.355006,540,4774.883038
2152.43634,581,4781.374949
2559.930879,669,4788.852398
2096.737163,605,4795.611579
2869.489639,751,4804.037998
3325.514522,887,4813.947271
3823.197222,1000,4825.120504
1957.504559,549,4831.255235
412.010426,162,4833.067467
3761.608611,1000,4844.244231
2524.191006,685,4851.894894
3777.998817,1000,4863.086406
2041.317672,542,4869.166446
1797.836585,480,4874.53005
3761.778155,1000,4893.287578
3428.292345,892,4903.255123
2524.619985,683,4910.884977
3830.810593,992,4921.970024
1028.340514,319,4925.533568
3838.896357,1000,4936.730021
3646.459271,1000,4947.902246
1137.648874,349,4951.79759
3640.433509,1000,4962.969516
2247.650852,626,4969.959838
1562.437916,449,4974.975784
636.640317,229,4977.536052
3727.330743,1000,4988.709099
1312.58322,378,4992.943545
123.398965,74,4993.78521
2534.577205,747,5009.637709
3705.163869,1000,5020.81183
794.713611,255,5023.664455
1794.930638,529,5029.576856
3508.295366,1000,5040.753342
1243.829955,368,5044.86754
3755.896118,1000,5056.046669
2969.007478,813,5065.163067
265.922662,119,5066.492435
1515.458624,435,5071.356334
3859.215048,961,5082.097746
2712.444345,728,5090.237883
3759.022895,1000,5101.418517
3784.323402,1000,5112.593001
3495.349863,938,5129.070841
3484.349039,926,5139.416718
1979.400378,550,5145.563975
2151.447968,601,5152.28275
821.708826,279,5155.403406
3747.689528,1000,5166.579475
865.992654,275,5169.655364
271.528269,119,5170.983969
1157.576535,381,5175.244745
3681.967008,1000,5186.423638
1617.855596,481,5191.827967
2234.172418,592,5198.448596
1828.234146,529,5204.361339
3683.252538,1000,5215.538671
1507.270968,433,5220.38026
950.213459,302,5223.757082
3801.470409,1000,5234.931796
1703.252323,475,5246.024562
925.326493,315,5249.544579
2718.038492,722,5257.636007
96.078824,75,5258.473742
1441.115515,420,5263.167567
1653.497687,467,5268.385522
3974.434812,1000,5279.557954
1826.914437,490,5285.03139
3964.847651,1000,5296.202859
2349.661065,643,5303.389707
100.736169,70,5304.171324
3919.72206,970,5315.007224
3770.075591,1000,5326.20459
1451.878956,428,5330.986579
3194.721136,863,5340.630677
1850.917048,505,5346.27007
3850.716616,1000,5365.004274
2540.821843,652,5372.28294
838.371376,272,5375.32299
3998.648911,1000,5386.512572
121.529324,91,5387.528664
3843.825666,1000,5398.696787
160.413241,108,5399.905453
2646.05256,761,5408.401445
3146.680627,829,5417.657933
139.043189,88,5418.642963
3716.727696,1000,5429.822823
372.356161,164,5431.655
2813.829528,748,5440.02098
2025.827677,571,5446.402818
2198.187012,664,5453.853988
3665.826963,1000,5465.032418
103.111256,83,5465.959374
134.145274,80,5466.853243
202.235315,121,5468.208701
186.279268,119,5469.537611
2125.477276,559,5478.980383
2685.95346,713,5486.946447
114.109301,77,5487.808754
3777.466977,1000,5498.986769
1387.120628,400,5503.457894
3712.098396,1000,5514.659551
1951.74826,516,5520.428361
3809.86932,1000,5531.605873
3799.338394,1000,5542.78104
3958.115184,1000,5553.959972
2009.593592,588,5560.53258
231.660311,104,5561.693995
344.540672,146,5563.328835
3892.082323,1000,5574.504766
93.177775,65,5575.2312
1802.026866,511,5580.97191
3136.431202,784,5596.263563
3259.94361,852,5605.783381
1725.930864,464,5610.968195
2490.295423,644,5618.167602
4254.451866,1000,5629.340285
4132.248188,1000,5640.515409
3571.366866,888,5650.463952
2599.135432,679,5658.05422
1856.013252,512,5663.775483
1890.527483,481,5669.150107
165.734149,89,5670.143955
1383.612669,370,5674.279324
273.280422,114,5675.5525
1815.34566,512,5681.273418
3869.229335,1000,5692.44248
3772.470045,1000,5703.626938
3782.21721,1000,5720.654022
4178.608803,1000,5731.824945
3116.563553,817,5740.958502
3882.861264,1000,5752.132183
3960.11256,1000,5763.312035
2363.550541,671,5770.817732
2999.874115,787,5779.641445
431.908273,149,5781.305086
3971.308247,1000,5792.48004
359.09326,150,5794.158724
4031.160673,1000,5805.334872
2890.148678,828,5814.591139
3832.239792,1000,5833.015485
2267.548209,593,5839.674779
3978.787537,1000,5850.852669
3913.449339,1000,5862.029335
4130.485003,1000,5873.272295
3996.658273,1000,5884.451985
4115.122503,1000,5895.625149
3995.862411,1000,5906.824422
4060.190555,1000,5917.994675
4206.264774,1000,5929.172624
2592.714234,631,5936.219445
1013.618664,303,5939.608432
742.732903,245,5942.344295
4178.802695,1000,5961.070028
1856.50253,492,5966.567978
4143.010458,1000,5977.769364
3321.848911,814,5986.87008
4063.766872,1000,5998.045977
4295.820185,1000,6009.228504
1613.144461,442,6014.168374
4136.100619,1000,6025.343159
4246.829887,1000,6036.544507
3960.749315,1000,6047.718402
4080.94409,1000,6058.896623
4000.061892,1000,6077.604917
3597.864946,882,6087.464392
3840.452889,1000,6098.652021
4186.89207,1000,6109.852123
4198.447161,1000,6121.031554
4041.815823,1000,6132.210874
4110.326209,1000,6143.391726
4096.46329,1000,6154.573427
2621.284993,634,6161.660343
4134.960826,1000,6172.866735
3965.98207,1000,6191.551232
4246.419094,1000,6202.730436
4190.116382,1000,6213.913437
4328.701287,1000,6225.093282
4002.793635,1000,6236.303839
3935.996402,1000,6247.486395
4213.628124,1000,6258.671796
3605.250096,849,6268.162338
1267.206768,395,6272.579697
4099.31899,1000,6283.764015
829.569926,271,6286.791886
4050.208957,1000,6297.99905
4128.934882,1000,6316.711981
4084.597054,1000,6327.884317
4114.153132,1000,6339.058611
4232.329209,1000,6350.231179
4253.94136,1000,6361.435951
4023.943338,1000,6372.610035
4188.733278,1000,6383.785235
4078.703427,1000,6394.958001
3702.354415,929,6405.339486
4067.274601,1000,6416.511857
4136.177012,1000,6435.21117
3980.867013,1000,6446.383941
3997.246465,1000,6457.556388
3328.014619,831,6466.845004
4011.839651,1000,6478.017418
4165.418384,1000,6489.199642
3903.581958,1000,6500.393153
3822.366891,963,6511.152145
4137.200378,1000,6522.325503
4191.957866,1000,6533.500611
4019.838793,1000,6551.991907
3912.849873,1000,6563.19235
4102.557706,1000,6574.368029
4155.594701,1000,6585.537516
4236.585919,1000,6596.704857
3764.148494,912,6606.908701
3972.716964,1000,6618.081407
4039.994023,1000,6629.281009
4029.809103,1000,6640.451955
4031.073661,1000,6651.624966
3724.89017,1000,6670.320007
505.384925,183,6672.363427
4076.283558,1000,6683.53311
4133.744901,1000,6694.734556
3853.456165,935,6705.189084
4000.068816,1000,6716.356934
3949.773853,1000,6727.528486
3981.758584,1000,6738.698506
4239.242367,1000,6749.886978
196.205949,103,6751.05138
1325.156944,372,6755.208531
4205.329512,1000,6766.379117
4133.589895,1000,6777.54768
4015.140467,1000,6796.234916
121.37421,73,6797.049985
4101.645878,1000,6808.226734
4062.404201,1000,6819.434767
4068.917887,1000,6830.614928
4113.214962,1000,6841.796321
4074.625035,1000,6852.974265
4013.37533,1000,6864.156931
4104.393174,1000,6875.332779
4182.734022,1000,6886.536621
4120.294096,1000,6900.125464
193.061613,109,6901.342346
4195.408562,1000,6912.5153
4088.389404,1000,6923.688639
4038.075088,1000,6934.864113
4052.043641,1000,6946.06703
186.37279,97,6947.150081
314.166371,134,6948.646268
4001.714994,1000,6959.822783
3855.564961,1000,6970.996276
153.944616,86,6971.956294
4248.743843,1000,6983.13168
342.351187,137,6984.665066
4105.981102,1000,6995.835748
4081.767893,1000,7007.006961
152.054468,81,7007.911373
3896.776643,1000,7026.625648
4068.329848,1000,7037.798813
4101.988314,1000,7048.969782
4187.797437,1000,7060.145985
4069.168446,1000,7071.320218
4185.13199,1000,7082.521017
4111.561704,1000,7093.697436
396.062323,150,7095.37625
4234.485895,1000,7106.550973
4061.976019,1000,7117.726128
2169.81773,589,7124.309432
4145.49399,1000,7143.173859
4078.937437,1000,7154.516791
4004.07615,1000,7165.859557
4045.199236,1000,7177.202579
4083.23728,1000,7188.544313
3993.372051,1000,7199.893647
4098.33516,1000,7211.263291
4151.831125,1000,7222.60424
4098.282384,1000,7233.943802
3444.721847,862,7243.725972
4192.812048,1000,7260.828371
3975.316527,1000,7272.033301
3839.399354,1000,7283.209594
4095.291896,1000,7294.384391
4115.402316,1000,7305.564716
4162.063115,1000,7316.744687
4081.377371,1000,7327.923184
4069.40528,1000,7339.128692
4069.211987,1000,7350.307606
4022.269009,1000,7361.481271
3815.172606,1000,7380.177448
4197.416976,1000,7391.357056
2998.725623,756,7399.816473
4219.291748,1000,7411.017906
4089.301556,1000,7422.199006
4145.276252,1000,7433.3842
4081.35867,1000,7444.570634
4128.381495,1000,7455.7577
4270.004119,1000,7466.96508
4108.723639,1000,7478.145329
4120.674947,1000,7496.820347
4111.933915,1000,7508.003013
434.449717,163,7509.827028
4161.377644,1000,7521.003298
4224.786747,1000,7532.20493
263.389191,120,7533.544923
714.053948,245,7536.284715
3974.131278,1000,7547.460838
4170.270748,1000,7558.639027
4120.739277,1000,7569.814385
4113.73841,1000,7580.987118
4133.433793,1000,7592.160252
4033.837151,1000,7603.359458
4078.409493,1000,7622.088146
4122.901529,1000,7633.260676
4150.914865,1000,7644.44388
4121.669212,1000,7655.617912
4158.723232,1000,7666.818284
4078.109807,1000,7677.98917
4170.704542,1000,7689.164012
4137.08477,1000,7700.342302
3402.154688,850,7709.837375
4046.22173,1000,7721.012581
4127.290129,1000,7739.757586
4238.43851,1000,7750.929591
4261.328898,1000,7762.102247
4216.083909,1000,7773.272417
4230.079202,1000,7784.444437
4215.241389,1000,7795.646572
4110.756452,1000,7806.824431
4047.89175,1000,7817.99371
4180.262719,1000,7829.163099
4098.952209,1000,7840.335127
4152.347626,1000,7859.042676
4147.882899,1000,7870.225251
4069.525629,1000,7881.401309
4257.321048,1000,7892.57884
4229.190742,1000,7903.758989
4129.665704,1000,7914.935617
4187.729672,1000,7926.146083
4171.603526,1000,7937.325119
4261.711303,1000,7948.503508
4085.367826,1000,7959.680607
4186.848429,1000,7978.418853
4177.648439,1000,7989.641744
4337.74631,1000,8000.825573
4273.850982,1000,8012.00436
2239.568406,556,8018.218022
4098.871863,1000,8029.396522
162.957406,88,8030.383357
4203.741061,1000,8041.56451
4263.311938,1000,8052.784549
4325.796837,1000,8063.966028
4025.77879,1000,8075.147547
4164.919997,1000,8093.822678
4308.778242,1000,8104.998258
4035.14921,1000,8116.190264
4143.257094,1000,8127.377687
4317.304381,1000,8138.552349
4225.39792,1000,8149.726331
4139.577221,1000,8160.904285
4169.970074,1000,8172.079082
4162.700958,1000,8183.278031
4165.785419,1000,8194.449315
4121.784407,1000,8213.134221
4252.26535,1000,8224.309916
4193.549245,1000,8235.488725
4286.479249,1000,8246.685519
4094.464177,1000,8257.868329
4160.194105,1000,8269.04513
4235.576347,1000,8280.22439
4265.391521,1000,8291.404191
4287.990719,1000,8302.581174
304.333538,128,8304.010513
4260.773863,1000,8315.22339
4326.022287,1000,8333.940296
4113.36077,1000,8345.130062
4239.078503,1000,8356.319788
4195.118488,1000,8367.501081
4301.68847,1000,8378.708933
4333.195617,1000,8389.892334
4280.209323,1000,8401.084447
4216.701453,1000,8412.265217
4325.032701,1000,8423.445689
4333.470849,1000,8434.624049
4360.451129,1000,8453.369822
4224.181932,1000,8464.558985
4316.094792,1000,8475.748954
4410.448944,1000,8486.937422
4185.606169,1000,8498.128057
4261.39548,1000,8509.341094
4313.676377,1000,8520.530756
4329.905064,1000,8531.721865
4247.57313,1000,8542.91058
4392.984248,1000,8554.097394
4337.254637,1000,8572.880431
4312.322789,1000,8584.05689
4285.821045,1000,8595.231957
4309.048894,1000,8606.40735
4354.029978,1000,8617.581276
4273.868868,1000,8628.759308
4297.030671,1000,8639.964173
334.090462,169,8641.854716
4274.232014,1000,8653.031985
4384.931337,1000,8664.209059
4316.038626,1000,8675.38556
4402.268999,1000,8694.076332
4409.909276,1000,8705.285603
4386.465186,1000,8716.464948
4290.819042,1000,8727.640352
4328.071269,1000,8738.811883
4412.129418,1000,8749.978847
135.550957,75,8750.815876
4105.645658,1000,8761.987742
4313.407256,1000,8773.181858
4317.896166,1000,8784.347203
149.727224,87,8785.318194
4267.619919,1000,8796.487757
4382.149177,1000,8815.18304
4293.974231,1000,8826.359725
4374.204577,1000,8837.563879
4429.150552,1000,8848.743832
4335.596095,1000,8859.924866
4394.719638,1000,8871.109222
4340.826864,1000,8882.281983
4427.489444,1000,8893.454255
4435.468681,1000,8904.651086
4343.637021,1000,8915.821311
4421.279132,1000,8934.499284
4345.134306,1000,8945.679568
4429.221555,1000,8956.858285
4412.843834,1000,8968.055069
4269.707535,1000,8979.224947
179.900063,100,8980.340583
4375.532433,1000,8991.514173
4323.88108,1000,9002.693073
4381.086672,1000,9013.861609
4425.459027,1000,9025.028233
4396.895859,1000,9036.244016
4424.343907,1000,9054.936527
4451.31254,1000,9066.118324
4352.930122,1000,9077.2977
4371.796642,1000,9088.473212
4344.965824,1000,9099.676916
4405.802341,1000,9110.854115
4371.314762,1000,9122.037121
4247.583188,1000,9133.213437
4323.711745,1000,9144.390507
4484.295806,1000,9155.567405
4351.62549,1000,9174.289748
4338.312584,1000,9185.461854
4362.402564,1000,9196.631943
4450.83615,1000,9207.798933
4296.731207,1000,9218.966469
4470.658521,1000,9230.16102
4379.229093,1000,9241.332761
4358.221043,1000,9252.503317
4385.329093,1000,9263.669291
4451.8371,1000,9274.838856
4439.519401,1000,9293.543306
396.539233,156,9295.285174
4367.613635,1000,9306.468092
4450.480893,1000,9317.639911
4296.919217,1000,9328.814336
4415.921004,1000,9339.984869
4324.280484,1000,9351.157676
4412.945734,1000,9362.362935
4355.413314,1000,9373.538089
4368.639093,1000,9384.71103
4426.377288,1000,9395.883321
4404.851357,1000,9414.564496
4440.92631,1000,9425.764962
4460.397679,1000,9436.943518
4414.450096,1000,9448.116508
4452.087139,1000,9459.288387
4421.439021,1000,9470.460298
4460.919931,1000,9481.639248
4417.046909,1000,9492.834572
4398.305591,1000,9504.018651
4334.463612,1000,9515.19141
4402.297689,1000,9533.875812
4473.067059,1000,9545.051735
4470.625573,1000,9556.251156
4390.508571,1000,9567.426282
4486.087336,1000,9578.595126
4414.815426,1000,9589.765283
4500.161596,1000,9600.94204
4426.710475,1000,9612.121369
4500.107682,1000,9623.309406
4402.721554,1000,9634.477341
4272.819005,1000,9653.141504
4443.269865,1000,9664.309114
4499.984824,1000,9675.477968
4340.93009,1000,9686.671347
4359.732166,1000,9697.843379
4438.679563,1000,9709.00848
4415.076992,1000,9720.180282
4375.789305,1000,9731.349137
4437.471612,1000,9742.53245
4486.172445,1000,9753.7171
4214.302263,1000,9772.386079
4392.773257,1000,9783.555722
4394.877756,1000,9794.725714
4304.928378,1000,9805.895506
4363.597796,1000,9817.094072
4442.981248,1000,9828.261618
4503.060523,1000,9839.427831
4326.381086,1000,9850.595714
4488.636549,1000,9861.765099
4394.44829,1000,9872.952708
4373.43332,1000,9891.650834
4412.568106,1000,9902.823986
4393.178871,1000,9913.988639
4488.486285,1000,9925.153237
4424.332846,1000,9936.315396
4377.325316,1000,9947.510814
4259.960333,1000,9958.67632
4153.350481,1000,9969.840664
4412.708875,1000,9981.007424
4485.734921,1000,9992.176077
4373.215038,1000,10010.897741
4458.91141,1000,10022.056723
4486.220993,1000,10033.221549
4516.544534,1000,10044.378111
4458.844305,1000,10055.541633
4381.524293,1000,10066.698956
4363.177701,1000,10077.890052
4414.620154,1000,10089.050047
4375.214944,1000,10100.211233
4435.46304,1000,10111.366335
4365.609723,1000,10130.004434
4544.833401,1000,10141.201394
4329.269405,1000,10152.374027
4330.149219,1000,10163.544097
4497.287711,1000,10174.711611
4535.350033,1000,10185.880843
4406.541075,1000,10197.049558
4392.255391,1000,10208.27884
4358.244745,1000,10219.452731
4451.014337,1000,10230.626192
4492.687126,1000,10249.265881
4389.551754,1000,10260.428275
4455.11783,1000,10271.612569
4478.757131,1000,10282.773462
4323.440237,1000,10293.929296
4538.012058,1000,10305.085963
4481.642535,1000,10316.244386
2490.332628,589,10322.821892
4445.756203,1000,10334.009259
4467.205925,1000,10345.169371
4492.161274,1000,10363.803108
4481.193356,1000,10374.970809
4416.728218,1000,10386.142501
4435.915926,1000,10397.340255
4226.74233,1000,10408.512262
4485.13142,1000,10419.680321
4424.921134,1000,10430.849747
4385.394988,1000,10442.032509
4433.291023,1000,10453.209385
4428.962587,1000,10464.406886
4484.996961,1000,10483.037247
4540.875042,1000,10494.195437
4528.579651,1000,10505.355953
4421.426201,1000,10516.516415
4419.004905,1000,10527.707391
4506.083454,1000,10538.865428
2107.885294,534,10544.822868
4502.04119,1000,10555.980781
4500.616889,1000,10567.141088
4430.907484,1000,10578.302981
4611.130249,1000,10589.50256
2369.347147,607,10603.787147
4474.146659,1000,10614.943181
4420.356794,1000,10626.10305
4488.416177,1000,10637.262501
4475.604321,1000,10648.423199
4446.883626,1000,10659.606567
4454.879866,1000,10670.762709
4126.576935,1000,10681.92475
4473.273603,1000,10693.084975
4346.580791,1000,10704.249514
4407.063792,1000,10722.906168
4166.130857,1000,10734.067586
1092.418178,307,10737.492456
4445.953031,1000,10748.658708
4489.232407,1000,10759.821399
4568.800686,1000,10770.98476
4434.535236,1000,10782.148598
4471.425471,1000,10793.342249
4609.063358,1000,10804.507507
4368.808593,1000,10815.667841
-8.413272,17,10815.85762
46.374469,52,10816.437981
4410.371775,1000,10827.596617
4471.211014,1000,10838.955554
-10.472568,15,10839.123196
-7.590127,18,10839.32455
-9.511035,16,10839.50335
-2.93595,21,10839.737831
-0.450598,23,10839.994449
-9.821857,16,10840.173579
22.857211,37,10840.586676
-5.948055,19,10840.798903
-4.576958,20,10841.022145
-4.728929,20,10841.245696
315.072478,130,10842.696147
4480.319316,1000,10853.889346
2470.026974,1000,10865.05852
-0.43013,23,10865.315497
2587.440597,666,10872.743371
4469.570317,1000,10883.910058
4519.759688,1000,10895.070145
4438.235729,1000,10906.234102
4500.257006,1000,10917.422637
4462.848161,1000,10928.593655
4514.921257,1000,10939.753818
4362.329284,1000,10958.380826
2167.863296,555,10964.577039
4506.983439,1000,10975.739883
2629.174601,622,10982.711555
4256.990271,1000,10993.881676
4569.267516,1000,11005.046752
4540.29192,1000,11016.214628
1504.165101,423,11020.938695
4560.860464,1000,11032.107072
4510.043405,1000,11043.285989
4180.783997,1000,11054.48072
4574.757157,1000,11073.113299
4577.015661,1000,11084.283062
4621.601026,1000,11095.450739
4576.066925,1000,11106.619865
4208.062577,1000,11117.808884
4397.046507,1000,11128.969344
4533.248557,1000,11140.129293
4554.483524,1000,11151.289294
4481.383298,1000,11162.463251
4536.224379,1000,11173.648643
4466.590829,1000,11192.295472
4479.253061,1000,11203.464701
4438.191657,1000,11214.629041
4548.431585,1000,11225.798173
4540.41229,1000,11236.964598
4534.323621,1000,11248.156559
4365.959053,1000,11259.324001
4501.633872,1000,11270.490854
4367.145697,1000,11281.657204
4501.12358,1000,11292.82481
4511.548472,1000,11311.464702
4497.5004,1000,11322.624275
4121.224655,1000,11333.784137
4575.379702,1000,11344.95964
4405.380807,1000,11356.125582
4571.254464,1000,11367.290697
4532.194388,1000,11378.484972
4524.268518,1000,11389.648171
4485.521297,1000,11400.813803
4541.321503,1000,11411.976066
4386.212488,1000,11430.613768
4583.214398,1000,11441.805278
4533.281785,1000,11452.968722
4389.913402,1000,11464.134219
4543.708423,1000,11475.293576
4510.18993,1000,11486.453085
4606.642184,1000,11497.612648
4563.665039,1000,11508.803697
3720.946339,846,11518.243121
4578.913105,1000,11529.409723
4557.369376,1000,11548.055143
4525.257725,1000,11559.224301
4382.126972,1000,11570.416596
1381.461686,358,11574.415926
4549.175556,1000,11585.586603
4617.473172,1000,11596.754863
4560.40499,1000,11607.923538
1311.493427,348,11611.811653
4554.008203,1000,11622.983777
4534.197872,1000,11634.20314
4585.187149,1000,11645.374054
