#{"t_start": 1635497807.4150407, "env_id": "HalfCheetah-v3"}
r,l,t
-289.556359,1000,12.441734
-300.131795,1000,12.69547
-347.846638,1000,12.948427
-166.433004,1000,13.202274
-253.902374,1000,13.456299
-226.46796,1000,13.709864
-342.791282,1000,13.961581
-291.979544,1000,14.215453
-344.851276,1000,14.468574
-278.687189,1000,14.723048
-1.523646,1000,22.282249
-595.427959,1000,28.195242
-535.548593,1000,34.094993
-204.000288,1000,40.181808
-553.614709,1000,46.256101
-548.654503,1000,52.320165
-396.772283,1000,58.384839
-349.524461,1000,64.242903
-170.030796,1000,70.108736
-36.920197,1000,75.994257
197.971656,1000,86.130189
679.541157,1000,92.053038
157.298598,1000,97.88486
442.017181,1000,103.720964
587.539313,1000,109.560209
709.125514,1000,115.39403
1078.120892,1000,121.228044
973.937442,1000,127.068102
-477.694747,1000,132.926226
1371.051428,1000,138.766864
1655.110336,1000,148.681527
1662.036214,1000,154.55675
1931.909256,1000,160.370434
2555.347466,1000,166.179156
2413.696879,1000,171.986658
2697.767399,1000,177.792167
2508.158453,1000,183.561053
2969.493581,1000,189.323601
2748.814383,1000,195.077816
2837.539114,1000,200.818751
2912.607151,1000,210.586081
3010.89675,1000,216.316047
3138.289141,1000,222.070697
3500.302429,1000,227.767567
3339.399958,1000,233.463094
3363.454295,1000,239.15871
3430.947255,1000,244.854612
3946.72009,1000,250.553209
3899.274127,1000,256.248984
3697.007185,1000,261.94227
3957.347431,1000,271.689487
4515.113323,1000,277.385333
3921.30104,1000,283.08875
3284.362325,1000,288.809038
3905.790754,1000,294.50615
3969.943041,1000,300.202782
4325.626599,1000,305.896726
4326.917368,1000,311.591497
4143.388233,1000,317.287723
4396.677384,1000,322.984378
4212.144092,1000,332.737862
4457.004981,1000,338.440144
4615.121676,1000,344.146118
4160.008776,1000,349.90637
4767.819378,1000,355.612241
4575.524455,1000,361.316339
4237.40467,1000,367.022629
1936.837349,1000,372.73238
4974.954241,1000,378.437964
5052.014443,1000,384.158591
4567.992631,1000,393.898257
4912.680544,1000,399.601067
4635.027834,1000,405.29964
5091.214693,1000,410.995638
4971.408877,1000,416.753066
5130.778329,1000,422.456564
4988.277039,1000,428.157998
4849.04983,1000,433.863448
4856.694658,1000,439.569618
5198.475736,1000,445.272307
4822.089996,1000,455.024877
4885.522757,1000,460.727436
5084.973294,1000,466.4302
5081.500705,1000,472.13007
4983.994466,1000,477.843373
5211.314902,1000,483.580603
5103.597728,1000,489.279336
5095.600677,1000,494.99629
4997.628707,1000,500.698067
5394.713233,1000,506.396548
5356.365998,1000,516.077815
5297.604002,1000,521.779954
5450.118133,1000,527.482737
5357.210149,1000,533.187665
5004.891512,1000,538.896646
5747.89963,1000,544.646389
5294.21337,1000,550.349725
5452.807707,1000,556.059861
5475.285152,1000,561.766163
3536.786472,1000,567.478085
5551.954987,1000,577.229897
5887.478827,1000,582.924737
5507.117514,1000,588.622757
5741.942789,1000,594.319849
5574.870245,1000,600.017538
5651.075108,1000,605.710892
6019.102947,1000,611.451446
5664.456934,1000,617.149544
5874.069553,1000,622.837162
5745.951917,1000,628.530459
5679.082245,1000,638.260858
5742.570794,1000,643.951082
5766.443412,1000,649.640749
5754.154196,1000,655.334194
5754.943997,1000,661.031687
5928.145401,1000,666.724171
5537.772095,1000,672.437013
6035.304813,1000,678.180883
6064.703621,1000,683.874452
5877.186413,1000,689.588789
6223.805208,1000,699.309486
5663.858834,1000,705.014992
6505.130852,1000,710.71478
6200.812148,1000,716.408814
5818.097682,1000,722.106556
6336.857075,1000,727.8005
5651.888372,1000,733.499448
3172.046324,1000,739.232927
6348.926011,1000,744.935514
6503.266754,1000,750.633557
6990.130058,1000,760.280327
6568.413947,1000,765.968536
3783.748493,1000,771.661585
6907.048763,1000,777.352333
6689.623871,1000,783.042144
6420.857931,1000,788.72817
6446.215393,1000,794.423027
4379.461752,1000,800.12129
6840.902686,1000,805.870201
6640.280109,1000,811.567266
6543.851268,1000,821.296171
6852.86106,1000,826.989034
6513.365029,1000,832.68359
6747.871878,1000,838.374657
7035.964035,1000,844.073703
6174.576084,1000,849.77158
6704.934544,1000,855.472567
6625.347071,1000,861.170183
6713.724728,1000,866.868969
6542.045366,1000,872.618109
6809.553223,1000,882.28644
-590.842144,1000,887.992274
2311.911428,1000,893.698655
6664.100261,1000,899.394255
3972.43179,1000,905.089627
7357.393365,1000,910.790154
6854.232787,1000,916.488698
7023.617568,1000,922.187858
7241.126215,1000,927.881174
7265.690895,1000,933.590488
6434.522832,1000,943.264489
1300.786626,1000,948.968436
6831.077239,1000,954.672955
7139.996473,1000,960.375639
7331.780679,1000,966.082636
7044.394084,1000,971.783039
6773.627523,1000,977.487641
4760.011184,1000,983.188634
3181.416265,1000,988.894787
887.184735,1000,994.597862
1036.777033,1000,1004.358086
7378.976226,1000,1010.054754
7610.688867,1000,1015.753532
7297.226193,1000,1021.451239
2209.49642,1000,1027.148411
1626.382245,1000,1032.852565
6615.239738,1000,1038.547065
6912.778171,1000,1044.244958
7231.053961,1000,1049.942576
7552.036027,1000,1055.639047
7643.442282,1000,1065.351584
2019.246195,1000,1071.049789
6996.56135,1000,1076.74168
7465.440014,1000,1082.435514
7215.296368,1000,1088.133307
7302.76909,1000,1093.833117
8004.73626,1000,1099.549081
7406.294938,1000,1105.248491
7393.927143,1000,1110.942469
6705.917199,1000,1116.642008
6898.906793,1000,1126.282978
7014.80727,1000,1132.030201
7539.953527,1000,1137.720112
7481.728769,1000,1143.410833
7291.112451,1000,1149.103121
7415.089806,1000,1154.795868
7771.665524,1000,1160.483093
7789.717053,1000,1166.166536
8033.92537,1000,1171.855186
7928.584789,1000,1177.541223
7282.033805,1000,1187.272348
7844.032306,1000,1192.968942
8047.843372,1000,1198.70903
7852.894116,1000,1204.402467
7921.193141,1000,1210.09895
7005.969752,1000,1215.792221
7943.021173,1000,1221.485002
7365.691331,1000,1227.178287
7977.150592,1000,1232.870493
8200.211716,1000,1238.564093
7427.251396,1000,1248.267384
7674.151358,1000,1253.956383
7748.494987,1000,1259.673912
8197.003214,1000,1265.365781
7983.361052,1000,1271.058955
8023.062457,1000,1276.754492
8382.63812,1000,1282.443804
7893.552003,1000,1288.125509
7583.965082,1000,1293.810233
8246.099754,1000,1299.495785
8510.022348,1000,1309.135135
7793.451655,1000,1314.825472
7913.93032,1000,1320.511428
7066.840293,1000,1326.247274
6883.285206,1000,1331.937485
7812.023691,1000,1337.624818
8212.113481,1000,1343.313237
8425.742572,1000,1349.00362
7942.244507,1000,1354.690245
8495.078973,1000,1360.320031
8656.727417,1000,1369.950815
8342.610834,1000,1375.569872
8607.119719,1000,1381.194043
8537.383639,1000,1386.818836
1700.299155,1000,1392.504663
8334.321965,1000,1398.127755
8779.975912,1000,1403.751609
8480.733331,1000,1409.372889
8017.63558,1000,1414.996456
8404.449761,1000,1420.623734
8484.503665,1000,1430.187258
8873.361022,1000,1435.810998
8609.314872,1000,1441.434627
8492.214362,1000,1447.061037
8158.434288,1000,1452.689769
8931.798262,1000,1458.390988
8488.202884,1000,1464.014823
8481.635652,1000,1469.640476
1458.106362,1000,1475.271259
8478.9261,1000,1480.900356
8505.581724,1000,1490.490289
9022.019323,1000,1496.107373
8038.974097,1000,1501.732246
8249.67605,1000,1507.358367
8085.086836,1000,1512.989124
8844.049801,1000,1518.621841
2664.504522,1000,1524.286947
7984.011191,1000,1529.90767
7796.080755,1000,1535.528898
8702.968055,1000,1541.156778
8547.28322,1000,1550.78727
8571.938236,1000,1556.414782
8492.682248,1000,1562.044452
8368.371856,1000,1567.668399
8031.559805,1000,1573.299622
8772.232922,1000,1578.932232
8270.265158,1000,1584.579917
3915.939563,1000,1590.23658
8744.295745,1000,1595.858844
8723.548459,1000,1601.485294
8835.083309,1000,1611.04382
8952.704071,1000,1616.657936
9166.456317,1000,1622.273454
9173.590295,1000,1627.887134
8653.964493,1000,1633.535967
8858.3442,1000,1639.139939
8925.927783,1000,1644.738753
8974.071542,1000,1650.370926
333.769516,1000,1655.990294
8555.715224,1000,1661.592729
8469.859835,1000,1671.130331
7922.44121,1000,1676.735661
8736.022942,1000,1682.343843
7453.328023,1000,1687.951318
8566.256025,1000,1693.554176
8578.364516,1000,1699.163814
8745.971535,1000,1704.764387
9164.145746,1000,1710.365283
8851.473274,1000,1716.009365
8653.15345,1000,1721.608897
9381.516279,1000,1731.19723
8229.734814,1000,1736.796441
8364.694136,1000,1742.398545
9043.469343,1000,1747.998438
8952.832548,1000,1753.599925
9009.947597,1000,1759.204903
5171.395953,1000,1764.812801
9130.822109,1000,1770.415212
8792.875451,1000,1776.015547
8399.028163,1000,1781.682285
9222.405929,1000,1791.181424
9226.226827,1000,1796.784177
8434.097504,1000,1802.388481
9187.987467,1000,1807.99407
9109.980833,1000,1813.599649
6039.233839,1000,1819.208798
8419.771374,1000,1824.814038
8704.284882,1000,1830.419599
8553.057444,1000,1836.025005
9060.628537,1000,1841.630786
9242.657593,1000,1851.160415
9059.590356,1000,1856.761228
9314.542097,1000,1862.368129
9230.930334,1000,1867.971144
7378.230269,1000,1873.57817
9187.356549,1000,1879.189621
9525.987884,1000,1884.798216
8681.161895,1000,1890.4033
8793.936097,1000,1896.009021
9192.047518,1000,1901.617123
1904.55551,1000,1911.182334
9180.896243,1000,1916.789344
9583.345212,1000,1922.39527
9117.543277,1000,1927.999687
8727.287697,1000,1933.607796
9027.77181,1000,1939.217032
8701.9245,1000,1944.824608
9081.947183,1000,1950.431038
9491.319019,1000,1956.036995
9023.035417,1000,1961.642166
9156.471869,1000,1971.221696
9436.632567,1000,1976.870333
9734.430132,1000,1982.476532
9513.666955,1000,1988.084854
7802.425537,1000,1993.693038
8429.771201,1000,1999.346243
8833.976241,1000,2004.953377
9521.207897,1000,2010.565053
9139.839572,1000,2016.167899
9652.870171,1000,2021.771899
9321.247228,1000,2031.354831
9120.324113,1000,2036.957004
9574.839007,1000,2042.61267
9304.277773,1000,2048.221412
9065.935621,1000,2053.827845
8185.118924,1000,2059.435091
9298.22602,1000,2065.039811
9294.753561,1000,2070.647584
9820.71774,1000,2076.253043
9678.402009,1000,2081.857846
2977.8762,1000,2091.449331
9037.194656,1000,2097.051083
9259.613655,1000,2102.651407
9120.028279,1000,2108.303723
9212.179144,1000,2113.906445
8893.109012,1000,2119.51008
9752.24058,1000,2125.117407
9627.961841,1000,2130.723966
9365.350729,1000,2136.330989
9166.402942,1000,2141.935958
8975.149764,1000,2151.449955
8967.849705,1000,2157.048069
8812.501986,1000,2162.648091
9192.578966,1000,2168.24672
1493.233858,1000,2173.905347
9193.176144,1000,2179.509128
8919.814434,1000,2185.116489
9476.766173,1000,2190.721827
9327.255828,1000,2196.326742
9212.004928,1000,2201.927895
9363.041056,1000,2211.429714
8843.875883,1000,2217.033445
8525.90782,1000,2222.634179
9748.204721,1000,2228.237683
9517.243637,1000,2233.867552
9205.650963,1000,2239.524724
9757.144889,1000,2245.129087
9458.904972,1000,2250.736307
9508.374381,1000,2256.341234
9780.087168,1000,2261.946844
9449.636767,1000,2271.461736
9171.402612,1000,2277.069993
10025.322748,1000,2282.675848
9599.606713,1000,2288.279461
5767.802205,1000,2293.885895
9834.459215,1000,2299.503922
8484.216312,1000,2305.143167
9653.821357,1000,2310.744825
9332.59432,1000,2316.347233
9717.926545,1000,2321.950974
9484.515566,1000,2331.47178
9294.327005,1000,2337.078782
9164.390886,1000,2342.682909
9751.153569,1000,2348.285929
9589.049794,1000,2353.891353
9063.719654,1000,2359.494467
9423.754224,1000,2365.109531
9268.677347,1000,2370.734913
9524.601634,1000,2376.340856
9731.261351,1000,2381.948498
9518.130325,1000,2391.547646
9658.759671,1000,2397.162442
9304.917611,1000,2402.772264
6197.484525,1000,2408.383159
4312.638738,1000,2414.00665
3026.521449,1000,2419.623237
9060.515804,1000,2425.229378
9756.527733,1000,2430.874204
9718.457807,1000,2436.490591
2899.256209,1000,2442.104168
9370.742439,1000,2451.642539
7400.732062,1000,2457.252819
9595.888002,1000,2462.857709
9674.729345,1000,2468.464122
9891.154639,1000,2474.074322
8579.548134,1000,2479.684479
9572.877672,1000,2485.295469
9365.608596,1000,2490.90219
9588.980129,1000,2496.552933
9967.17873,1000,2502.159154
9649.425002,1000,2511.677668
9660.638899,1000,2517.28989
9694.384661,1000,2522.901026
9164.629422,1000,2528.512197
9980.132704,1000,2534.120224
10031.747463,1000,2539.728771
6182.073163,1000,2545.342492
10043.741768,1000,2550.922176
9676.607066,1000,2556.444719
9594.459433,1000,2562.001731
9419.963476,1000,2571.423529
9612.988037,1000,2576.962028
9746.616031,1000,2582.506748
8527.603683,1000,2588.031212
9393.695878,1000,2593.556794
9608.579112,1000,2599.082485
9005.690283,1000,2604.605351
9708.559388,1000,2610.128867
9372.254591,1000,2615.654786
8910.850391,1000,2621.176669
9628.888933,1000,2630.621838
9053.05218,1000,2636.144744
9182.798516,1000,2641.668147
9749.342327,1000,2647.190145
9811.357262,1000,2652.712631
9751.99944,1000,2658.237815
9505.646278,1000,2663.758461
9302.331056,1000,2669.281324
7348.077753,1000,2674.80862
9462.467331,1000,2680.331646
9435.151439,1000,2689.757729
9476.48775,1000,2695.305716
9775.95027,1000,2700.831882
9566.258809,1000,2706.355464
9210.445763,1000,2711.879573
9859.587863,1000,2717.405914
9696.089717,1000,2722.927528
9763.963871,1000,2728.449703
9956.142933,1000,2733.9769
9929.282818,1000,2739.499146
9959.166258,1000,2748.918391
10113.118575,1000,2754.442143
9525.011309,1000,2759.997586
9634.901645,1000,2765.520851
9868.1175,1000,2771.044609
9441.201943,1000,2776.568778
9845.136268,1000,2782.093756
8372.401855,1000,2787.61887
9141.17867,1000,2793.141635
9811.070227,1000,2798.665646
9571.474624,1000,2808.172555
9700.222679,1000,2813.698236
9577.203994,1000,2819.222046
9775.662742,1000,2824.78203
9721.173395,1000,2830.306375
9465.559347,1000,2835.831517
9870.661241,1000,2841.35507
9564.069133,1000,2846.87871
10060.142182,1000,2852.403166
10087.613774,1000,2857.924067
9463.092272,1000,2867.364848
10009.493263,1000,2872.888254
10160.099133,1000,2878.410745
9390.338121,1000,2883.935131
9476.991216,1000,2889.497438
10057.737515,1000,2895.038314
9981.146018,1000,2900.560437
9808.658863,1000,2906.083455
9767.428717,1000,2911.606634
9968.284564,1000,2917.136124
9631.231968,1000,2926.567487
10216.953498,1000,2932.09077
9831.22933,1000,2937.615264
9846.956139,1000,2943.141314
9360.90882,1000,2948.668569
9973.894615,1000,2954.231899
9865.792783,1000,2959.758368
9309.345271,1000,2965.283305
10097.280726,1000,2970.809602
9737.518131,1000,2976.333527
9844.699797,1000,2985.772798
10310.070386,1000,2991.297714
10042.191702,1000,2996.824613
10225.883321,1000,3002.3475
9057.612519,1000,3007.873033
9090.21646,1000,3013.397495
10314.338594,1000,3018.952361
9916.538202,1000,3024.475495
9128.588936,1000,3029.999598
9823.934505,1000,3035.523293
9600.255786,1000,3044.952426
10257.285857,1000,3050.475184
9909.894518,1000,3055.999272
7673.116456,1000,3061.521569
9905.790638,1000,3067.046379
9939.623199,1000,3072.570338
9940.223831,1000,3078.092858
10295.972876,1000,3083.650132
8858.016086,1000,3089.18039
10441.139801,1000,3094.705039
9515.833526,1000,3104.134814
9411.504013,1000,3109.657524
10370.128312,1000,3115.17986
3283.425236,1000,3120.712186
9935.51675,1000,3126.235907
10279.857899,1000,3131.759326
9952.750584,1000,3137.282444
9959.829192,1000,3142.807735
9663.288688,1000,3148.365581
9887.712739,1000,3153.890026
10068.281646,1000,3163.316651
9533.984385,1000,3168.841026
10163.617742,1000,3174.366477
10195.662349,1000,3179.890538
10171.878853,1000,3185.416529
9723.432194,1000,3190.941738
10033.428432,1000,3196.469935
10110.415509,1000,3201.995665
8988.829397,1000,3207.520897
10136.767965,1000,3213.083806
9240.452644,1000,3222.532417
10474.424871,1000,3228.057444
9670.091762,1000,3233.58282
8438.865521,1000,3239.106952
10137.494432,1000,3244.63099
9938.870988,1000,3250.156614
10298.214717,1000,3255.679699
9808.281398,1000,3261.20019
10158.621525,1000,3266.722474
7495.739741,1000,3272.245279
10216.471568,1000,3281.703268
10130.883281,1000,3287.228266
10602.468937,1000,3292.75046
10335.909716,1000,3298.272078
9947.406332,1000,3303.79543
10348.213049,1000,3309.321007
9965.799906,1000,3314.846569
10072.119871,1000,3320.369642
10200.405311,1000,3325.892455
9744.475948,1000,3331.415307
10488.595806,1000,3340.854251
9993.84463,1000,3346.394877
10032.893821,1000,3351.917495
8991.24986,1000,3357.441048
1423.38058,1000,3362.980534
10418.873732,1000,3368.505658
10197.752656,1000,3374.033293
9905.129044,1000,3379.560282
10792.666483,1000,3385.083378
9983.709068,1000,3390.610532
10008.315076,1000,3400.054143
10396.30828,1000,3405.58301
10100.066648,1000,3411.13366
10299.074761,1000,3416.656776
10255.763109,1000,3422.181929
10103.535799,1000,3427.706429
9572.471638,1000,3433.230913
10023.696405,1000,3438.757038
10225.980699,1000,3444.279065
9768.1942,1000,3449.801161
10434.133845,1000,3459.24004
9642.859355,1000,3464.766861
10138.006448,1000,3470.293088
10045.947855,1000,3475.849846
10140.712579,1000,3481.372084
10339.864123,1000,3486.895134
1861.672399,1000,3492.421621
10032.078629,1000,3497.947739
10694.331635,1000,3503.470959
1027.93388,1000,3509.004842
10319.760976,1000,3518.523192
10011.639894,1000,3524.073452
4070.647838,1000,3529.603712
10105.783259,1000,3535.127138
9646.346986,1000,3540.679931
9983.741661,1000,3546.201563
4115.597978,1000,3551.728576
9495.3161,1000,3557.25443
10747.273277,1000,3562.777274
10895.653236,1000,3568.302086
10262.290418,1000,3577.80947
9839.333206,1000,3583.33587
9992.419487,1000,3588.860862
10513.93573,1000,3594.387355
10183.653853,1000,3599.914285
10292.535001,1000,3605.471089
10042.289866,1000,3610.99689
9139.548541,1000,3616.524088
10375.629525,1000,3622.051924
10232.811851,1000,3627.578977
10042.248525,1000,3637.016725
10701.085835,1000,3642.541557
9966.069719,1000,3648.066775
9717.105367,1000,3653.590301
7082.811811,1000,3659.115099
10296.415623,1000,3664.639011
9905.340599,1000,3670.199233
10061.740298,1000,3675.725684
10379.027429,1000,3681.252466
9897.505876,1000,3686.779079
2170.930793,1000,3696.227129
10673.294487,1000,3701.751905
9758.989337,1000,3707.277269
10560.964868,1000,3712.801567
9941.381214,1000,3718.323754
10028.355695,1000,3723.848197
9742.79389,1000,3729.371555
10363.758603,1000,3734.941005
10398.953474,1000,3740.467324
10294.135337,1000,3745.990318
10626.926882,1000,3755.495098
9933.16616,1000,3761.020815
10215.829335,1000,3766.546229
10027.287054,1000,3772.070683
10189.188947,1000,3777.59627
10159.568928,1000,3783.122487
10390.733885,1000,3788.648819
10188.305258,1000,3794.174294
10131.642189,1000,3799.74645
10357.598382,1000,3805.271631
9840.890377,1000,3814.694609
10607.616288,1000,3820.218441
10180.436911,1000,3825.747344
10652.712263,1000,3831.270102
10016.640001,1000,3836.793946
10250.649566,1000,3842.31802
10503.594506,1000,3847.841277
10156.788459,1000,3853.364707
10583.314115,1000,3858.887605
10133.427078,1000,3864.445673
10178.968376,1000,3873.955159
9999.268575,1000,3879.478587
9825.780766,1000,3885.004241
10034.543557,1000,3890.531559
10356.549666,1000,3896.056893
10381.578357,1000,3901.583393
10592.108311,1000,3907.108989
10333.911256,1000,3912.636008
9457.517119,1000,3918.166646
9916.593696,1000,3923.691345
10337.696259,1000,3933.162605
9570.414515,1000,3938.682435
10340.373594,1000,3944.205513
9901.938768,1000,3949.729826
10032.902022,1000,3955.253039
10108.11297,1000,3960.777655
10012.23362,1000,3966.302574
10506.357811,1000,3971.827042
10154.856942,1000,3977.351528
9941.368171,1000,3982.87384
10406.189809,1000,3992.321026
10262.579097,1000,3997.877414
10012.83003,1000,4003.402764
8298.491958,1000,4008.927605
10281.060659,1000,4014.453426
10338.754258,1000,4019.977489
10809.930237,1000,4025.504871
10631.868912,1000,4031.029434
9528.677388,1000,4036.554893
9780.15353,1000,4042.082144
9876.838324,1000,4051.510851
10074.681013,1000,4057.034362
10746.435342,1000,4062.591869
10315.025105,1000,4068.115716
5389.341739,1000,4073.640443
10585.290819,1000,4079.161449
10526.982707,1000,4084.681716
10140.04394,1000,4090.207058
10105.156221,1000,4095.732582
10738.319993,1000,4101.255437
10036.407825,1000,4110.759175
10514.508454,1000,4116.284765
10902.940496,1000,4121.810491
10283.668372,1000,4127.367144
10770.669651,1000,4132.893871
9480.269076,1000,4138.41933
10414.643199,1000,4143.94583
10235.801555,1000,4149.473084
10595.814815,1000,4155.002848
10585.661327,1000,4160.530293
10640.903144,1000,4169.943673
10170.353042,1000,4175.46345
9663.032744,1000,4180.984253
10714.655481,1000,4186.50426
9786.38762,1000,4192.057198
10063.760443,1000,4197.577503
7457.723754,1000,4203.098649
9969.913477,1000,4208.618683
10180.705909,1000,4214.139422
10665.420516,1000,4219.661485
9821.934004,1000,4229.075718
10449.092566,1000,4234.601096
10834.324283,1000,4240.125066
10664.656849,1000,4245.649375
9907.594273,1000,4251.17249
9945.70618,1000,4256.729731
10681.007726,1000,4262.253256
10151.590859,1000,4267.77805
10561.728811,1000,4273.30108
9762.931253,1000,4278.825063
10903.209587,1000,4288.236459
10519.854109,1000,4293.758432
10392.357808,1000,4299.277891
10815.7006,1000,4304.799703
10315.951361,1000,4310.320812
10633.897535,1000,4315.858452
9359.306829,1000,4321.444246
10511.994261,1000,4326.964139
10379.248612,1000,4332.487168
9936.099973,1000,4338.013211
10454.161891,1000,4347.439147
10434.103984,1000,4352.964896
10089.253616,1000,4358.488077
10174.664844,1000,4364.01059
10740.436258,1000,4369.535002
9426.764025,1000,4375.058663
10234.575155,1000,4380.583186
10273.968854,1000,4386.140322
10266.455891,1000,4391.664498
9957.853477,1000,4397.193935
10592.435415,1000,4406.647778
10935.813419,1000,4412.172758
10001.412417,1000,4417.696954
10405.481314,1000,4423.221888
10738.273362,1000,4428.746429
10864.848458,1000,4434.266831
10692.40066,1000,4439.793953
10799.116727,1000,4445.34127
10488.336866,1000,4450.899611
10426.998304,1000,4456.42519
10105.158919,1000,4465.91837
10568.295878,1000,4471.438571
10848.738521,1000,4476.958922
10596.065605,1000,4482.483046
10050.687944,1000,4488.005776
10274.061775,1000,4493.525565
9886.967656,1000,4499.044257
10834.839337,1000,4504.565018
10085.31158,1000,4510.083832
10004.802095,1000,4515.641775
10325.647495,1000,4525.064768
10701.828604,1000,4530.584422
10644.125304,1000,4536.106553
10260.924099,1000,4541.629791
10462.171897,1000,4547.153613
9853.718852,1000,4552.676402
10522.18752,1000,4558.197229
10516.795088,1000,4563.716535
10225.113957,1000,4569.241866
10035.744419,1000,4574.765659
9747.190784,1000,4584.205513
10334.306676,1000,4589.723743
10744.581584,1000,4595.242427
2470.165138,1000,4600.771467
10865.477781,1000,4606.288445
10984.105934,1000,4611.807283
10262.060946,1000,4617.326216
9839.242992,1000,4622.847661
10901.018851,1000,4628.371129
9528.576205,1000,4633.891738
10423.721747,1000,4643.314007
10521.672111,1000,4648.856508
10541.550189,1000,4654.377342
9476.86236,1000,4659.896004
10387.18164,1000,4665.418163
10241.527345,1000,4670.936993
10562.256842,1000,4676.453942
10280.353524,1000,4681.971993
10784.494998,1000,4687.491512
10743.090605,1000,4693.011007
10139.940486,1000,4702.44761
10158.893639,1000,4707.969066
10625.526695,1000,4713.523588
10013.490319,1000,4719.044849
10558.936751,1000,4724.566696
10300.829155,1000,4730.087764
11165.142181,1000,4735.609232
9046.815086,1000,4741.129754
10336.031645,1000,4746.654645
10018.513259,1000,4752.176084
2618.299532,1000,4761.589249
1572.969333,1000,4767.121924
10895.446113,1000,4772.643777
10998.829655,1000,4778.197484
10301.584571,1000,4783.71839
4424.916632,1000,4789.241557
10796.294899,1000,4794.759445
10327.205951,1000,4800.276958
10613.992389,1000,4805.794566
10474.311109,1000,4811.315815
10326.641372,1000,4820.741262
10886.543921,1000,4826.257854
10779.976489,1000,4831.77613
9878.226029,1000,4837.292282
9762.268017,1000,4842.842825
9900.764544,1000,4848.362165
10522.451641,1000,4853.881863
10916.749906,1000,4859.399217
10628.879794,1000,4864.912893
10720.956719,1000,4870.433345
10485.231838,1000,4879.853015
10765.887446,1000,4885.374408
10575.504693,1000,4890.894592
10307.126436,1000,4896.414256
10736.770526,1000,4901.934785
10121.478579,1000,4907.488877
10040.327167,1000,4913.01103
10013.511424,1000,4918.531473
9886.522152,1000,4924.050356
10731.060361,1000,4929.570608
1731.399595,1000,4938.997899
10216.72546,1000,4944.517815
10528.257335,1000,4950.036607
9817.456027,1000,4955.555126
10614.133618,1000,4961.076527
10466.703533,1000,4966.597017
10453.043388,1000,4972.150451
10466.997044,1000,4977.67287
10578.973224,1000,4983.190276
10558.092223,1000,4988.711748
10430.693388,1000,4998.134922
9825.835079,1000,5003.651002
10086.221244,1000,5009.171121
10208.458994,1000,5014.692283
10649.306289,1000,5020.213839
10155.958919,1000,5025.733137
10409.60191,1000,5031.252684
9826.506091,1000,5036.805626
9884.816601,1000,5042.324214
9221.852287,1000,5047.84288
10026.288303,1000,5057.279041
11008.623832,1000,5062.805658
10926.597195,1000,5068.335214
10714.567438,1000,5073.86224
10571.311482,1000,5079.386532
10700.064839,1000,5084.911567
10267.070962,1000,5090.439349
10147.075262,1000,5095.962473
10613.836207,1000,5101.521881
11146.90716,1000,5107.047293
10926.574716,1000,5116.741515
10889.104719,1000,5122.458179
10652.06639,1000,5128.175212
10336.51471,1000,5133.893588
10705.741455,1000,5139.608191
4939.549156,1000,5145.328912
10320.426781,1000,5151.047521
10983.75711,1000,5156.764535
9989.737784,1000,5162.480673
10326.049211,1000,5168.234373
10304.027115,1000,5177.677396
10130.540398,1000,5183.235328
10583.364746,1000,5188.794005
10105.411327,1000,5194.354354
9598.964754,1000,5199.913782
10799.972751,1000,5205.474159
10925.420426,1000,5211.031072
10244.822673,1000,5216.588548
10853.765875,1000,5222.145729
10619.854664,1000,5227.704168
10853.607154,1000,5237.133038
10706.920582,1000,5242.649763
10081.6447,1000,5248.166936
9710.796072,1000,5253.684882
10837.371483,1000,5259.203559
10270.050892,1000,5264.724126
10808.321137,1000,5270.241839
10415.330172,1000,5275.759726
10772.778948,1000,5281.276225
10537.84335,1000,5286.792546
10134.408009,1000,5296.313715
10392.661043,1000,5301.831655
11302.438991,1000,5307.346132
10470.508725,1000,5312.860069
10666.803736,1000,5318.374253
9617.70995,1000,5323.89198
10526.597109,1000,5329.407459
10198.79333,1000,5334.923424
10837.733986,1000,5340.439431
9898.823174,1000,5345.955642
10867.469099,1000,5355.365071
10050.648693,1000,5360.917165
10768.867602,1000,5366.438453
10717.565579,1000,5371.957246
10404.496297,1000,5377.478542
10578.873283,1000,5383.001982
10209.620401,1000,5388.547802
10377.339023,1000,5394.069417
9476.00683,1000,5399.592118
10936.400956,1000,5405.110486
10600.598879,1000,5414.508859
10893.313327,1000,5420.025432
10743.04065,1000,5425.561502
10099.666424,1000,5431.074823
9486.306732,1000,5436.58826
10258.817676,1000,5442.103611
10983.922705,1000,5447.618677
10909.230376,1000,5453.133358
10873.874051,1000,5458.646886
10248.201911,1000,5464.160873
11222.106223,1000,5473.56818
11027.694512,1000,5479.08985
10532.46977,1000,5484.608512
10514.213372,1000,5490.144046
10847.751855,1000,5495.669838
10861.917665,1000,5501.190954
10680.269231,1000,5506.710344
10817.589498,1000,5512.233324
10351.28256,1000,5517.750091
10551.355219,1000,5523.271079
10654.556134,1000,5532.672511
10736.864076,1000,5538.190169
9972.416587,1000,5543.705717
10976.665724,1000,5549.22211
10239.354792,1000,5554.74472
10914.8105,1000,5560.276986
10800.305039,1000,5565.790685
10401.226617,1000,5571.308691
10968.275839,1000,5576.824534
11145.729348,1000,5582.342492
10575.878786,1000,5591.764016
11045.622898,1000,5597.292278
10985.354745,1000,5602.812717
10594.475809,1000,5608.332481
10772.010846,1000,5613.850613
10774.20384,1000,5619.377743
10898.497935,1000,5624.923958
10759.59626,1000,5630.443809
10860.44927,1000,5635.961836
10456.385968,1000,5641.524697
10755.330995,1000,5650.96622
10910.444508,1000,5656.482438
10300.862321,1000,5661.997091
10458.90775,1000,5667.509654
10653.269359,1000,5673.023347
10955.872877,1000,5678.538081
10861.938897,1000,5684.054785
5727.247745,1000,5689.613378
3849.372836,1000,5695.129413
11085.819212,1000,5700.64499
5253.780561,1000,5710.148649
10812.709486,1000,5715.673385
11131.036675,1000,5721.199728
10051.039534,1000,5726.721942
10639.229677,1000,5732.245553
9470.199507,1000,5737.764354
9952.874111,1000,5743.287416
9635.721631,1000,5748.812618
10817.736837,1000,5754.376662
11122.327165,1000,5759.899704
10595.703766,1000,5769.321571
10671.969319,1000,5774.848774
10870.811554,1000,5780.373597
10955.56547,1000,5785.898526
10307.405271,1000,5791.422873
10851.3846,1000,5796.948612
10593.047727,1000,5802.474483
10667.437136,1000,5807.996157
10365.743874,1000,5813.521618
10758.317547,1000,5819.074846
10198.83049,1000,5828.496218
10969.465164,1000,5834.017838
10649.498948,1000,5839.542812
10873.501698,1000,5845.068187
11044.232381,1000,5850.596369
10868.833196,1000,5856.118837
10443.744489,1000,5861.64362
11063.328785,1000,5867.166487
11010.043441,1000,5872.695733
10149.394075,1000,5878.217179
10942.458216,1000,5887.631108
10661.271356,1000,5893.156606
11045.019637,1000,5898.687385
10616.405207,1000,5904.212827
10943.034681,1000,5909.736639
10820.314144,1000,5915.258805
10333.759494,1000,5920.781172
10585.003267,1000,5926.303061
10059.973383,1000,5931.826251
10927.388058,1000,5937.350254
